1744246649,0,109,785
1744246658,-4,107,870
1744246669,0,106.333,1685
1744246678,-5,104.75,1773
1744246691,0,103.8,2450
1744246696,2,103.5,3103
1744246715,3,103.714,3813
1744246735,4,104.375,4084
1744246765,-8,104,4312
1744246781,0,103.7,5171
1744246783,2,103.636,5990
1744246787,6,104.083,6767
1744246803,-1,104.385,7137
1744246860,0,104.643,8062
1744246861,-2,104.733,8515
1744246885,0,104.812,8695
1744246889,1,104.941,8902
1744246930,-1,105,9635
1744246954,3,105.211,10580
1744246992,-5,105.15,11148
1744247005,1,105.143,11301
1744247007,4,105.318,11738
1744247016,-5,105.261,11767
1744247068,0,104.84,12689
1744247082,1,104.692,12771
1744247133,4,104.786,13466
1744247145,1,104.931,13684
1744247168,0,105.067,14303
1744247177,-6,105,14461
1744247190,-3,104.844,14754
1744247193,1,104.727,15292
1744247197,8,104.853,16089
1744247207,-8,104.743,17060
1744247211,4,104.75,17597
1744247224,4,104.865,17842
1744247236,-1,104.947,18648
1744247244,-5,104.897,19192
1744247276,-2,104.8,19903
1744247289,0,104.707,20709
1744247290,5,104.738,20905
1744247303,-4,104.674,21438
1744247312,0,104.614,21837
1744247315,-2,104.511,22411
1744247320,4,104.5,22494
1744247351,3,104.553,22860
1744247355,1,104.625,23562
1744247363,0,104.694,23897
1744247373,-3,104.7,23950
1744247388,3,104.765,24060
1744247392,1,104.846,24487
1744247400,0,104.925,25078
1744247404,-2,104.963,25573
1744247418,-5,104.909,25708
1744247434,4,104.929,25863
1744247435,-4,104.877,25885
1744247436,-1,104.81,26571
1744247437,2,104.78,26886
1744247438,2,104.783,27415
1744247453,-4,104.721,27726
1744247463,-1,104.645,28384
1744247480,8,104.698,29273
1744247488,-2,104.719,29473
1744247496,3,104.785,30131
1744247511,-4,104.788,30398
1744247551,3,104.696,31078
1744247601,3,104.714,31262
1744247611,-5,104.662,31656
1744247629,0,104.611,32418
1744247649,5,104.63,33400
1744247686,-3,104.608,34127
1744247728,-2,104.56,34308
1744247752,6,104.592,35031
1744247762,-5,104.558,35386
1744247772,1,104.538,35805
1744247810,2,104.544,36688
1744247862,1,104.562,37567
1744247905,-6,104.506,38544
1744247922,1,104.41,39585
1744247939,8,104.464,40129
1744247944,0,104.518,40773
1744247957,-1,104.558,41469
1744247970,-2,104.575,42382
1744247972,1,104.602,43315
1744247987,-4,104.584,43641
1744248024,3,104.6,44271
1744248038,-3,104.582,44298
1744248045,0,104.565,44399
1744248072,-1,104.564,46002
1744248083,-3,104.526,46719
1744248120,1,104.464,47613
1744248136,7,104.51,47960
1744248183,-3,104.525,47986
1744248223,-5,104.545,48765
1744248230,6,104.588,49162
1744248239,0,104.631,49444
1744248242,-8,104.596,49858
1744248288,4,104.6,50848
1744248291,3,104.632,51548
1744248349,-1,104.654,52284
1744248351,-1,104.667,52815
1744248373,-4,104.642,53339
1744248378,2,104.636,53693
1744248413,5,104.676,54475
1744248422,-4,104.679,55377
1744248459,0,104.681,56071
1744248496,-1,104.626,56520
1744248501,8,104.664,56949
1744248522,-2,104.684,57179
1744248534,-3,104.678,57251
1744248584,0,104.672,57921
1744248604,-3,104.642,58117
1744248623,3,104.636,58328
1744248644,2,104.648,58695
1744248651,-3,104.677,59588
1744248662,-4,104.648,60545
1744248667,3,104.643,61495
1744248696,2,104.654,61863
1744248734,-1,104.656,61970
1744248743,2,104.674,62472
1744248752,2,104.708,62473
1744248786,-2,104.725,62600
1744248802,-5,104.705,63156
1744248817,5,104.722,63199
1744248847,-8,104.726,64194
1744248860,-1,104.691,64719
1744248869,7,104.708,64816
1744248882,-4,104.696,65132
1744248894,2,104.698,65958
1744248907,3,104.721,66800
1744248910,-2,104.73,67639
1744248923,0,104.739,68238
1744248945,-4,104.72,69089
1744248972,-1,104.694,69590
1744248990,1,104.676,70238
1744249018,6,104.699,70608
1744249029,-7,104.673,70673
1744249078,3,104.669,71332
1744249106,3,104.685,71954
1744249124,1,104.707,72779
1744249137,-3,104.709,72826
1744249149,1,104.717,73087
1744249175,-5,104.693,73344
1744249196,6,104.708,73858
1744249210,-5,104.69,74686
1744249211,4,104.699,74977
1744249249,2,104.66,76492
1744249297,3,104.675,76650
1744249305,0,104.689,77629
1744249310,1,104.71,78107
1744249394,-3,104.709,79962
1744249400,-5,104.681,80018
1744249439,-8,104.673,80499
1744249468,2,104.657,81028
1744249477,2,104.653,81195
1744249486,2,104.661,81914
1744249554,-4,104.645,82423
1744249566,4,104.653,82547
1744249573,1,104.667,83320
1744249589,-4,104.657,83514
1744249598,4,104.67,83911
1744249609,-3,104.667,84799
1744249637,4,104.685,85479
1744249639,1,104.709,86177
1744249663,-2,104.722,86515
1744249675,-2,104.724,87262
1744249685,-2,104.714,88136
1744249697,4,104.727,88377
1744249715,2,104.75,88635
1744249721,-1,104.768,89315
1744249771,-8,104.742,89488
1744249788,1,104.722,89812
1744249843,6,104.734,90691
1744249849,-1,104.741,91456
1744249852,-6,104.716,91625
1744249857,9,104.738,92066
1744249863,-6,104.729,93008
1744249887,-2,104.71,93299
1744249894,1,104.696,94088
1744249899,7,104.718,94560
1744249931,-7,104.704,94947
1744249938,-1,104.685,95856
1744249947,-1,104.662,96606
1744249953,1,104.643,97421
1744249981,8,104.665,97896
1744250007,-3,104.672,98092
1744250117,2,104.672,99639
1744250123,1,104.678,100496
1744250143,0,104.684,100915
1744250156,3,104.705,101142
1744250221,7,104.713,101648
1744250253,-7,104.7,102370
1744250286,5,104.711,102885
1744250300,0,104.722,103367
1744250316,-5,104.709,104200
1744250364,7,104.729,104393
1744250370,-2,104.74,104449
1744250378,-3,104.736,104850
1744250390,-3,104.719,105181
1744250403,6,104.729,105482
1744250434,1,104.744,105571
1744250459,-1,104.755,105980
1744250487,-7,104.733,106097
1744250500,8,104.748,106922
1744250530,-8,104.726,107537
1744250564,0,104.705,107697
1744250612,2,104.693,107838
1744250621,3,104.665,109011
1744250624,-1,104.654,109830
1744250633,7,104.672,110050
1744250643,-2,104.683,111034
1744250658,2,104.701,111192
1744250694,-1,104.716,111610
1744250722,-2,104.721,112023
1744250748,6,104.732,112990
1744250758,-8,104.716,113219
1744250771,4,104.717,113716
1744250789,-5,104.697,114674
1744250809,3,104.69,114769
1744250847,6,104.708,115642
1744250890,-8,104.693,116500
1744250915,0,104.678,116554
1744250939,6,104.687,117088
1744250974,1,104.701,117201
1744250984,-2,104.706,117710
1744251014,0,104.711,118567
1744251039,-2,104.69,119884
1744251050,3,104.687,120606
1744251066,3,104.696,120923
1744251080,-2,104.697,121352
1744251093,-1,104.694,121365
1744251123,-3,104.709,122272
1744251186,-1,104.676,123640
1744251224,2,104.665,124358
1744251230,1,104.659,124376
1744251233,2,104.66,125324
1744251239,1,104.665,125786
1744251256,0,104.67,126297
1744251264,-2,104.668,127084
1744251285,2,104.673,128076
1744251287,0,104.678,128863
1744251319,-2,104.675,129253
1744251320,-2,104.665,129695
1744251337,7,104.682,130146
1744251351,-6,104.675,131023
1744251359,4,104.684,131797
1744251388,-4,104.678,131884
1744251396,0,104.672,132603
1744251408,0,104.665,133248
1744251436,3,104.67,133735
1744251458,1,104.679,133873
1744251486,-2,104.68,134695
1744251499,-4,104.667,135012
1744251507,7,104.679,135988
1744251512,-1,104.687,136617
1744251518,-4,104.681,137265
1744251530,4,104.689,137538
1744251559,-6,104.676,138496
1744251567,1,104.667,139440
1744251579,4,104.671,139723
1744251587,-5,104.658,140548
1744251638,0,104.646,140809
1744251650,8,104.661,141034
1744251654,-1,104.672,141399
1744251664,0,104.684,142160
1744251669,-1,104.692,142683
1744251681,-7,104.676,143124
1744251690,1,104.663,143998
1744251699,1,104.654,144572
1744251708,-2,104.638,145319
1744251724,3,104.617,146254
1744251743,0,104.611,147113
1744251757,5,104.623,147930
1744251769,1,104.638,148447
1744251775,-1,104.649,148595
1744251802,2,104.651,149811
1744251803,0,104.656,150205
1744251813,3,104.67,150908
1744251839,-3,104.674,151053
1744251849,-2,104.672,151218
1744251868,-2,104.663,151667
1744251897,7,104.678,152552
1744251913,-4,104.66,153300
1744251921,2,104.652,153503
1744251924,2,104.65,154198
1744251939,1,104.651,154518
1744251961,4,104.665,155487
1744251965,-9,104.65,156231
1744251981,7,104.657,157145
1744251990,-1,104.661,157168
1744252007,-3,104.656,157779
1744252031,5,104.667,158299
1744252037,1,104.68,159177
1744252052,-1,104.673,160642
1744252059,3,104.677,161068
1744252070,-2,104.675,161831
1744252076,1,104.676,162045
1744252085,-2,104.671,162869
1744252100,5,104.681,162922
1744252118,3,104.674,163734
1744252121,2,104.681,164166
1744252122,-4,104.676,165162
1744252125,-3,104.662,165388
1744252158,7,104.669,165970
1744252179,4,104.683,167476
1744252207,-3,104.687,167741
1744252208,-1,104.688,167983
1744252220,2,104.694,168007
1744252231,-5,104.686,168680
1744252239,5,104.693,169561
1744252240,2,104.706,169608
1744252249,-9,104.692,169635
1744252252,7,104.699,170592
1744252271,-4,104.694,171343
1744252288,0,104.701,172477
1744252320,7,104.695,173006
1744252357,-1,104.698,173699
1744252379,0,104.702,173926
1744252391,-1,104.695,174544
1744252398,2,104.696,175352
1744252407,4,104.708,176235
1744252408,-4,104.709,176848
1744252423,-4,104.699,177168
1744252424,4,104.699,177213
1744252443,-5,104.686,178027
1744252476,0,104.673,178273
1744252514,0,104.681,179754
1744252520,-4,104.673,179800
1744252535,7,104.685,180592
1744252565,5,104.684,182073
1744252572,1,104.693,182986
1744252594,-1,104.699,183213
1744252644,0,104.706,183429
1744252693,-2,104.691,184697
1744252694,5,104.695,185211
1744252696,-2,104.693,185708
1744252699,-2,104.685,186303
1744252706,6,104.694,186824
1744252738,-4,104.707,188565
1744252743,-1,104.706,188643
1744252768,1,104.706,189514
1744252781,2,104.712,190203
1744252786,-1,104.716,190225
1744252813,-6,104.703,190421
1744252816,0,104.691,191076
1744252831,9,104.702,191222
1744252833,-5,104.701,191250
1744252834,4,104.709,191833
1744252843,0,104.718,191968
1744252851,-8,104.705,192650
1744252863,2,104.698,193241
1744252879,3,104.699,193695
1744252901,-2,104.695,193885
1744252912,-2,104.685,194780
1744252918,3,104.684,195370
1744252921,0,104.682,195528
1744252940,0,104.658,196191
1744252976,1,104.637,197476
1744252984,1,104.631,197682
1744253004,5,104.637,198373
1744253027,-2,104.638,199206
1744253040,1,104.641,199590
1744253059,0,104.644,199610
1744253069,-2,104.643,199677
1744253092,-4,104.631,199924
1744253099,0,104.62,200332
1744253109,4,104.618,200669
1744253139,1,104.619,201046
1744253146,-4,104.61,201507
1744253177,8,104.621,202333
1744253187,-2,104.627,202689
1744253188,-4,104.623,203557
1744253231,1,104.621,204130
1744253248,1,104.622,204456
1744253262,-3,104.616,204639
1744253312,2,104.614,204690
1744253342,-3,104.606,205142
1744253353,3,104.604,205704
1744253389,4,104.612,205877
1744253421,1,104.623,206409
1744253469,-3,104.626,206492
1744253500,-3,104.622,207454
1744253528,0,104.605,208521
1744253545,8,104.616,208874
1744253588,-4,104.603,209302
1744253597,1,104.595,209676
1744253615,8,104.605,210033
1744253642,-1,104.586,210823
1744253650,0,104.575,211337
1744253657,2,104.569,211556
1744253681,5,104.575,211715
1744253686,-5,104.569,212467
1744253705,1,104.578,213536
1744253751,2,104.588,213800
1744253817,-8,104.58,214633
1744253839,-1,104.569,215198
1744253852,3,104.566,215454
1744253857,-2,104.558,216143
1744253864,2,104.554,216328
1744253893,1,104.553,217145
1744253903,2,104.556,217937
1744253910,2,104.564,218320
1744253925,-8,104.554,219171
1744253939,3,104.55,219444
1744253949,-2,104.542,220060
1744253959,-1,104.532,220152
1744253977,-2,104.543,221474
1744254015,-4,104.538,222405
1744254023,2,104.536,223037
1744254028,-2,104.531,223151
1744254044,1,104.527,224086
1744254075,1,104.526,224113
1744254107,7,104.526,225323
1744254141,1,104.536,225375
1744254150,0,104.546,225582
1744254164,-7,104.54,226106
1744254202,0,104.535,226253
1744254210,7,104.544,226441
1744254224,0,104.554,226775
1744254225,-1,104.561,226945
1744254247,-4,104.56,227164
1744254261,3,104.565,228046
1744254289,-1,104.568,228612
1744254307,0,104.571,229350
1744254323,3,104.571,230890
1744254338,-6,104.561,231814
1744254356,6,104.564,232650
1744254414,-6,104.555,232766
1744254419,1,104.547,232958
1744254469,-1,104.564,234025
1744254474,-6,104.559,234724
1744254508,3,104.559,235515
1744254550,5,104.563,236930
1744254572,-7,104.556,237739
1744254589,8,104.565,238323
1744254598,-2,104.57,239273
1744254604,1,104.577,239464
1744254612,-8,104.568,240043
1744254635,6,104.571,240828
1744254693,2,104.578,241315
1744254701,-7,104.571,241980
1744254715,6,104.576,242141
1744254716,-6,104.568,242569
1744254736,7,104.575,242671
1744254768,-3,104.576,243537
1744254774,-5,104.567,244536
1744254825,0,104.558,245318
1744254843,-1,104.553,246800
1744254892,5,104.56,246868
1744254901,-7,104.553,246890
1744254915,6,104.558,247851
1744254933,1,104.542,248864
1744254953,-1,104.533,249098
1744254980,0,104.524,249152
1744254983,3,104.521,249913
1744255003,-6,104.527,250344
1744255014,1,104.526,251344
1744255033,2,104.528,252168
1744255120,1,104.536,253051
1744255138,2,104.545,253084
1744255170,-3,104.537,253220
1744255172,5,104.54,253625
1744255180,-4,104.535,254123
1744255188,7,104.544,254888
1744255197,-6,104.541,255476
1744255206,4,104.545,256236
1744255212,0,104.55,257130
1744255226,-5,104.542,258246
1744255234,2,104.537,258780
1744255309,0,104.548,260264
1744255311,1,104.552,260435
1744255314,-1,104.555,260575
1744255344,-6,104.546,261528
1744255369,4,104.545,262330
1744255391,4,104.552,262600
1744255398,-4,104.551,263304
1744255408,5,104.559,264023
1744255417,-2,104.564,264832
1744255427,0,104.568,265244
1744255437,0,104.573,266162
1744255447,2,104.563,266928
1744255453,1,104.562,267630
1744255461,-1,104.559,268541
1744255470,4,104.564,269470
1744255475,-5,104.559,269794
1744255503,5,104.559,270900
1744255507,-7,104.55,271122
1744255509,2,104.546,272009
1744255526,0,104.541,272580
1744255533,3,104.542,272696
1744255542,2,104.546,273122
1744255571,-1,104.549,273747
1744255592,-2,104.548,274479
1744255615,-4,104.54,274571
1744255624,3,104.537,274780
1744255667,3,104.54,274945
1744255674,3,104.548,275121
1744255700,-3,104.558,276095
1744255756,-6,104.55,277068
1744255766,4,104.549,277097
1744255781,5,104.557,277367
1744255790,-8,104.555,277995
1744255839,4,104.554,278256
1744255847,1,104.555,279219
1744255858,2,104.559,279532
1744255868,-5,104.555,280489
1744255876,3,104.556,281395
1744255897,-5,104.548,281662
1744255925,5,104.548,281747
1744255941,3,104.554,282708
1744255951,-1,104.559,283567
1744255969,-1,104.561,283856
1744256033,-2,104.56,283863
1744256039,2,104.563,284516
1744256054,-5,104.557,284763
1744256056,0,104.55,285015
1744256068,3,104.549,285240
1744256105,0,104.554,286096
1744256119,3,104.562,286292
1744256160,-6,104.559,287082
1744256163,3,104.562,287899
1744256185,-2,104.553,289548
1744256190,1,104.549,290058
1744256197,3,104.549,290259
1744256211,-4,104.543,290836
1744256245,5,104.546,291137
1744256277,-4,104.553,293283
1744256286,-1,104.552,293373
1744256303,0,104.551,294060
1744256315,-2,104.547,294451
1744256374,3,104.548,295056
1744256376,1,104.55,295998
1744256393,-3,104.548,296383
1744256426,0,104.545,297288
1744256460,3,104.548,298060
1744256461,-1,104.548,298580
1744256465,-4,104.542,298993
1744256507,3,104.542,299049
1744256511,-1,104.539,299843
1744256520,-2,104.533,300377
1744256532,-1,104.526,301172
1744256543,1,104.52,301615
1744256546,4,104.521,302081
1744256554,0,104.521,302386
1744256558,4,104.529,302688
1744256581,-8,104.523,303367
1744256586,5,104.525,303650
1744256595,-6,104.518,304199
1744256674,9,104.525,305015
1744256686,-5,104.524,306013
1744256693,-1,104.522,306622
1744256701,1,104.521,307348
1744256743,5,104.528,307934
1744256757,0,104.536,308360
1744256779,0,104.543,308559
1744256790,-8,104.537,309196
1744256800,6,104.541,309511
1744256809,1,104.547,309617
1744256820,-2,104.549,309628
1744256840,-6,104.542,309829
1744256881,0,104.534,310409
1744256902,2,104.53,310710
1744256907,5,104.534,311606
1744256908,-6,104.529,311853
1744256926,5,104.531,312393
1744256944,-6,104.524,312631
1744256967,7,104.524,313547
1744256968,1,104.531,313706
1744256981,-6,104.528,314377
1744256990,-5,104.525,315695
1744257006,0,104.52,316283
1744257035,6,104.524,317063
1744257042,-7,104.516,317954
1744257048,0,104.509,318753
1744257066,3,104.507,319021
1744257068,0,104.505,319162
1744257077,-2,104.499,319732
1744257087,4,104.5,320507
1744257150,-5,104.5,320738
1744257152,7,104.507,321191
1744257161,0,104.514,321209
1744257179,-6,104.512,321553
1744257202,6,104.518,322138
1744257256,1,104.515,323477
1744257288,-8,104.514,324431
1744257306,2,104.51,324589
1744257313,3,104.511,324924
1744257334,-7,104.508,325583
1744257340,4,104.507,325615
1744257363,5,104.514,325784
1744257365,-3,104.516,325958
1744257372,-1,104.517,326048
1744257379,-3,104.513,326378
1744257411,2,104.512,327138
1744257418,2,104.514,327601
1744257426,1,104.518,327634
1744257443,-6,104.513,328179
1744257450,7,104.518,328484
1744257454,-7,104.513,328820
1744257480,2,104.51,329094
1744257490,4,104.514,329913
1744257498,-6,104.509,330400
1744257511,5,104.511,330787
1744257513,-3,104.509,331299
1744257531,1,104.508,331937
1744257537,5,104.515,332714
1744257553,2,104.519,332877
1744257562,-6,104.514,333715
1744257572,2,104.512,333814
1744257578,6,104.518,334341
1744257618,-7,104.515,335117
1744257627,4,104.517,335176
1744257631,-6,104.51,335452
1744257642,0,104.504,336267
1744257647,3,104.501,336938
1744257694,2,104.502,337275
1744257744,3,104.507,338027
1744257781,0,104.512,338610
1744257807,-2,104.514,339263
1744257813,2,104.52,339530
1744257823,1,104.526,340174
1744257854,-4,104.527,341142
1744257856,-4,104.522,341701
1744257858,7,104.527,341834
1744257878,-4,104.526,342729
1744257883,-4,104.519,343000
1744257895,-3,104.522,344091
1744257901,3,104.526,344441
1744257912,8,104.527,345335
1744257917,-5,104.526,345703
1744257924,-4,104.525,346221
1744257947,-2,104.518,346902
1744257973,6,104.521,347525
1744257976,-2,104.52,348351
1744257985,1,104.52,349076
1744257990,3,104.52,350537
1744258015,5,104.526,351634
1744258030,-8,104.521,351919
1744258041,3,104.52,352333
1744258077,1,104.521,352972
1744258093,-2,104.519,353913
1744258100,5,104.524,353951
1744258117,0,104.529,354817
1744258135,-5,104.526,355551
1744258136,5,104.531,355580
1744258148,-6,104.528,355795
1744258179,4,104.53,356684
1744258198,-6,104.531,357071
1744258209,7,104.537,357661
1744258236,6,104.541,358429
1744258257,-1,104.546,359111
1744258264,-7,104.541,359474
1744258276,6,104.544,359973
1744258285,2,104.551,360808
1744258342,0,104.557,361722
1744258345,-4,104.557,362212
1744258355,-2,104.555,362560
1744258357,-2,104.55,363118
1744258375,2,104.548,363614
1744258426,2,104.549,364302
1744258437,4,104.555,364562
1744258446,-5,104.554,364731
1744258449,-1,104.552,364892
1744258463,0,104.55,365690
1744258471,6,104.556,366317
1744258472,-4,104.556,366468
1744258477,-2,104.554,366826
1744258484,-2,104.55,366864
1744258494,-1,104.544,367235
1744258500,8,104.548,367482
1744258514,-2,104.55,368386
1744258557,0,104.552,368692
1744258565,-2,104.551,369374
1744258578,2,104.553,370023
1744258588,-6,104.547,370206
1744258634,3,104.545,370212
1744258647,-3,104.548,370725
1744258670,0,104.547,371051
1744258697,-4,104.541,371331
1744258704,9,104.547,372016
1744258711,-2,104.55,372481
1744258742,-3,104.549,373242
1744258788,2,104.551,374141
1744258805,3,104.557,374499
1744258810,-3,104.559,374899
1744258815,3,104.565,375610
1744258844,-3,104.567,375814
1744258864,4,104.573,376763
1744258876,-5,104.572,377294
1744258878,1,104.573,377994
1744258893,2,104.576,378891
1744258923,-1,104.578,379118
1744258934,-4,104.574,379981
1744258939,2,104.574,380645
1744258958,4,104.578,381098
1744258972,-3,104.579,382041
1744258981,-5,104.573,382496
1744258982,9,104.578,382720
1744259040,5,104.576,383450
1744259072,-4,104.572,384378
1744259075,6,104.577,384994
1744259079,-4,104.576,385636
1744259088,5,104.582,386465
1744259097,-3,104.583,387062
1744259099,-3,104.581,387106
1744259100,4,104.584,387467
1744259101,-2,104.585,388092
1744259125,1,104.587,388983
1744259133,-4,104.584,389891
1744259136,2,104.583,390037
1744259145,5,104.588,390398
1744259153,-8,104.584,390828
1744259155,3,104.583,391384
1744259158,2,104.585,391941
1744259186,-3,104.585,392749
1744259230,2,104.585,393342
1744259238,-5,104.579,393606
1744259247,2,104.573,395026
1744259260,4,104.576,395304
1744259262,-3,104.575,396166
1744259263,3,104.578,396310
1744259270,1,104.583,396857
1744259272,-2,104.584,397521
1744259275,0,104.586,398002
1744259292,0,104.588,398768
1744259315,-1,104.583,400355
1744259339,2,104.582,401351
1744259365,-1,104.58,402349
1744259399,-2,104.576,402719
1744259408,8,104.581,403042
1744259412,-9,104.575,403497
1744259435,0,104.57,403505
1744259445,2,104.567,404245
1744259462,4,104.568,404958
1744259463,-1,104.569,405789
1744259471,4,104.574,405897
1744259479,-1,104.579,406080
1744259516,-8,104.573,406889
1744259557,-5,104.578,407540
1744259569,-3,104.573,408485
1744259577,0,104.569,409409
1744259581,-1,104.563,409871
1744259649,9,104.569,410334
1744259651,-1,104.573,410840
1744259676,-6,104.57,411005
1744259679,6,104.574,411533
1744259705,-1,104.577,411903
1744259718,-7,104.571,412605
1744259731,8,104.576,413458
1744259738,-1,104.578,413522
1744259745,-3,104.578,414163
1744259774,-3,104.573,414887
1744259787,0,104.569,415562
1744259795,8,104.574,415937
1744259802,-3,104.576,416604
1744259823,-3,104.574,417363
1744259828,-2,104.57,417892
1744259849,6,104.573,418617
1744259873,-3,104.572,419153
1744259912,4,104.576,419975
1744259916,0,104.58,420786
1744259936,0,104.584,421698
1744259949,-5,104.583,422376
1744259956,-1,104.58,422705
1744259969,-1,104.575,423612
1744259977,-1,104.57,423845
1744259990,5,104.57,423898
1744259991,2,104.573,424453
1744260000,0,104.576,424816
1744260013,-2,104.577,425201
1744260033,2,104.579,425618
1744260043,-2,104.58,426570
1744260051,2,104.583,426672
1744260058,-2,104.583,427047
1744260107,-5,104.578,427378
1744260125,8,104.582,427942
1744260159,-3,104.582,428583
1744260170,1,104.584,429513
1744260204,-1,104.586,431178
1744260215,-1,104.585,431953
1744260221,2,104.587,432945
1744260320,-5,104.591,434078
1744260379,9,104.591,435145
1744260384,-4,104.592,435909
1744260409,0,104.592,436733
1744260420,1,104.594,436805
1744260449,-2,104.593,436848
1744260469,-6,104.596,437970
1744260497,0,104.595,438014
1744260572,1,104.594,438377
1744260585,-4,104.589,439015
1744260599,5,104.589,439990
1744260619,0,104.59,440082
1744260636,-4,104.586,440511
1744260668,3,104.585,440832
1744260681,-3,104.581,441337
1744260713,0,104.577,442228
1744260723,3,104.576,442974
1744260733,-1,104.574,443368
1744260763,-1,104.571,443802
1744260807,0,104.569,444638
1744260853,-1,104.565,444656
1744260869,6,104.567,444868
1744260879,-7,104.562,445499
1744260888,3,104.56,445664
1744260902,3,104.562,446372
1744260904,-6,104.557,446619
1744260911,4,104.556,447476
1744260918,0,104.556,448050
1744260926,4,104.56,448136
1744260965,-1,104.555,448817
1744260995,6,104.559,448875
1744261009,0,104.563,448945
1744261043,-3,104.563,449496
1744261051,0,104.564,450403
1744261054,-2,104.562,451231
1744261060,4,104.564,452075
1744261075,-1,104.566,452175
1744261081,-3,104.564,453135
1744261090,4,104.567,453608
1744261106,-6,104.563,453925
1744261141,6,104.566,454904
1744261148,0,104.568,455186
1744261166,-1,104.57,455333
1744261175,-2,104.569,455640
1744261179,-2,104.567,456117
1744261203,1,104.565,456943
1744261242,5,104.563,458053
1744261258,-6,104.558,458883
1744261259,1,104.554,459736
1744261370,0,104.55,460103
1744261407,-1,104.545,460512
1744261426,5,104.545,460615
1744261464,0,104.546,460760
1744261504,1,104.546,461746
1744261550,-1,104.545,462315
1744261581,-1,104.544,462808
1744261607,1,104.543,463678
1744261615,-1,104.541,464123
1744261629,-1,104.539,464176
1744261681,3,104.541,464508
1744261693,-7,104.536,465464
1744261703,6,104.537,465505
1744261734,-2,104.537,466249
1744261742,2,104.538,467131
1744261761,-5,104.535,467774
1744261820,6,104.537,468272
1744261843,5,104.533,469671
1744261852,1,104.534,469807
1744261870,0,104.536,470635
1744261880,-2,104.535,471004
1744261896,2,104.537,471905
1744261904,-2,104.536,472250
1744261914,4,104.54,472450
1744261940,-6,104.537,473290
1744261943,7,104.542,473609
1744261999,-5,104.542,474094
1744262017,5,104.545,474421
1744262018,0,104.547,474556
1744262022,-2,104.548,474666
1744262023,3,104.551,475042
1744262027,-8,104.546,475221
1744262053,5,104.547,476216
1744262073,2,104.542,477705
1744262076,-1,104.539,478332
1744262097,-1,104.535,479114
1744262126,0,104.532,479564
1744262136,4,104.532,480212
1744262156,4,104.537,480809
1744262159,-5,104.536,481047
1744262169,1,104.537,481195
1744262307,2,104.539,482406
1744262317,5,104.543,483208
1744262321,0,104.548,483398
1744262330,-7,104.545,483848
1744262331,3,104.546,484654
1744262350,-1,104.545,485338
1744262359,-1,104.543,486867
1744262388,-3,104.538,487034
1744262416,0,104.534,487057
1744262466,4,104.533,487397
1744262469,1,104.534,488368
1744262504,-5,104.529,489216
1744262520,8,104.533,489841
1744262533,1,104.537,489889
1744262579,4,104.538,491268
1744262603,-6,104.534,492232
1744262617,2,104.533,492330
1744262622,6,104.537,493138
1744262627,-7,104.535,494017
1744262665,-5,104.535,494724
1744262672,3,104.535,495205
1744262682,-3,104.533,495795
1744262722,-2,104.528,496344
1744262763,6,104.53,496651
1744262766,-6,104.525,497268
1744262770,9,104.53,497844
1744262787,0,104.534,498205
1744262805,-1,104.537,498888
1744262812,-7,104.534,499362
1744262854,4,104.534,499386
1744262865,-5,104.53,499777
1744262873,2,104.527,500500
1744262885,7,104.532,501486
1744262926,-5,104.531,501685
1744262954,3,104.534,502573
1744262961,2,104.538,503142
1744262962,0,104.543,503971
1744263018,-9,104.538,504124
1744263028,1,104.535,504719
1744263040,0,104.531,505211
1744263046,5,104.533,505448
1744263049,2,104.536,506347
1744263058,-8,104.531,507195
1744263104,2,104.529,507859
1744263143,-2,104.525,508744
1744263146,5,104.525,509230
1744263160,-3,104.523,509235
1744263185,2,104.522,509689
1744263214,2,104.523,510382
1744263221,-1,104.524,510685
1744263228,2,104.526,510939
1744263259,-2,104.527,511093
1744263290,-2,104.532,511765
1744263291,-6,104.527,512379
1744263294,1,104.524,512468
1744263307,1,104.521,513062
1744263336,-8,104.522,514310
1744263374,3,104.522,515152
1744263398,-2,104.519,515784
1744263415,0,104.517,515908
1744263431,0,104.514,516395
1744263481,-1,104.511,516443
1744263489,6,104.513,517164
1744263492,-5,104.511,517646
1744263517,-1,104.508,518522
1744263533,1,104.505,519049
1744263535,-1,104.502,519576
1744263536,2,104.5,519653
1744263552,1,104.5,519682
1744263578,-2,104.503,520254
1744263594,0,104.503,520990
1744263600,-1,104.503,521451
1744263614,-3,104.5,521874
1744263645,6,104.502,522058
1744263661,-4,104.505,523282
1744263673,-2,104.502,523816
1744263674,-1,104.499,524278
1744263683,4,104.5,524998
1744263694,-5,104.495,525849
1744263700,1,104.49,526457
1744263717,5,104.492,527185
1744263732,1,104.495,527354
1744263761,-1,104.498,527503
1744263771,2,104.502,528230
1744263801,0,104.506,528981
1744263815,-5,104.506,529930
1744263831,0,104.505,530280
1744263847,-2,104.503,530957
1744263862,-1,104.5,531201
1744263870,6,104.502,531421
1744263876,-7,104.498,531465
1744263933,5,104.498,531502
1744263940,-2,104.497,531833
1744263983,-4,104.496,532859
1744263991,1,104.494,533097
1744264008,-1,104.492,533444
1744264031,0,104.487,534879
1744264038,-1,104.484,535653
1744264062,4,104.485,536628
1744264065,0,104.485,536659
1744264103,3,104.488,536736
1744264107,1,104.493,536830
1744264126,-2,104.495,537642
1744264135,-1,104.496,538227
1744264163,2,104.5,538349
1744264180,1,104.504,539080
1744264193,0,104.508,539903
1744264197,-4,104.508,539965
1744264247,-1,104.508,540227
1744264281,1,104.508,540573
1744264296,4,104.512,541560
1744264313,-1,104.516,541587
1744264334,1,104.52,542425
1744264371,-7,104.517,542896
1744264378,2,104.517,543469
1744264425,0,104.505,544516
1744264429,7,104.508,545090
1744264437,-6,104.505,545501
1744264446,0,104.501,546064
1744264461,6,104.504,546270
1744264473,1,104.498,547029
1744264508,-2,104.494,547774
1744264516,7,104.496,548253
1744264534,-3,104.496,549150
1744264536,-1,104.495,549871
1744264545,-3,104.491,550347
1744264558,2,104.488,550417
1744264590,4,104.486,551923
1744264609,2,104.488,552457
1744264619,2,104.492,553098
1744264622,-5,104.491,553201
1744264636,3,104.494,553265
1744264654,-3,104.493,553424
1744264703,2,104.494,554971
1744264710,-3,104.493,555762
1744264714,0,104.492,556617
1744264745,5,104.495,557604
1744264755,-3,104.495,557991
1744264774,-5,104.491,558620
1744264786,0,104.487,559348
1744264796,3,104.486,560271
1744264817,0,104.484,561137
1744264824,0,104.483,561857
1744264850,5,104.486,562440
1744264902,-7,104.486,563369
1744264910,0,104.483,563842
1744264925,1,104.481,564681
1744264933,6,104.484,565370
1744264975,1,104.488,565437
1744264976,-1,104.491,566292
1744264982,-8,104.487,566654
1744265027,-9,104.487,567374
1744265036,4,104.487,567830
1744265067,1,104.487,568002
1744265092,4,104.491,568500
1744265126,-1,104.494,569424
1744265131,-3,104.495,569931
1744265138,-3,104.493,570223
1744265149,-1,104.49,571029
1744265200,5,104.491,571357
1744265228,-4,104.489,572193
1744265233,-2,104.485,573010
1744265270,0,104.486,574877
1744265307,1,104.479,576496
1744265319,5,104.48,576558
1744265332,1,104.482,576891
1744265337,-5,104.48,577150
1744265362,-1,104.477,577578
1744265371,7,104.48,578409
1744265383,-1,104.482,578766
1744265389,1,104.485,579466
1744265414,-7,104.482,579706
1744265429,-1,104.478,580679
1744265436,4,104.478,581463
1744265464,0,104.478,581677
1744265474,-2,104.476,582197
1744265491,5,104.478,583122
1744265504,-5,104.476,584092
1744265509,2,104.475,584381
1744265526,3,104.477,584942
1744265528,2,104.481,585582
1744265534,-4,104.482,586311
1744265544,-1,104.481,586707
1744265615,4,104.484,587240
1744265624,0,104.487,587333
1744265650,-5,104.486,588273
1744265669,4,104.488,588826
1744265672,0,104.49,589514
1744265682,1,104.493,589891
1744265685,0,104.496,590497
1744265686,1,104.5,591230
1744265694,-2,104.502,591570
1744265705,-5,104.5,591899
1744265709,5,104.502,592111
1744265712,-7,104.498,592806
1744265725,4,104.498,593391
1744265732,-1,104.497,593663
1744265742,1,104.496,594262
1744265750,2,104.497,594369
1744265804,0,104.499,595082
1744265808,3,104.503,595709
1744265824,-7,104.5,595904
1744265841,6,104.503,596703
1744265854,-3,104.504,596750
1744265882,-5,104.5,597632
1744265929,-1,104.497,598242
1744265952,2,104.496,598897
1744265958,-1,104.495,598928
1744266003,-2,104.492,599062
1744266019,4,104.493,599118
1744266038,-3,104.49,599842
1744266044,2,104.49,599869
1744266074,1,104.49,600673
1744266079,-3,104.488,601258
1744266089,6,104.491,601745
1744266099,-3,104.486,603346
1744266134,2,104.484,603440
1744266138,-1,104.481,603995
1744266140,4,104.482,604724
1744266147,1,104.483,605503
1744266218,-6,104.479,606340
1744266224,-4,104.479,607270
1744266227,7,104.482,607382
1744266231,-5,104.482,607413
1744266248,2,104.483,607946
1744266267,-1,104.484,608652
1744266307,1,104.485,608916
1744266334,-2,104.484,609395
1744266357,1,104.485,609788
1744266372,-4,104.482,610440
1744266395,-2,104.478,611824
1744266406,5,104.479,612004
1744266416,-3,104.478,612403
1744266430,6,104.482,612506
1744266438,-1,104.485,613184
1744266445,-3,104.485,613607
1744266454,2,104.487,613800
1744266468,-2,104.487,614475
1744266475,-2,104.486,614654
1744266500,3,104.487,614682
1744266509,-3,104.486,614995
1744266534,0,104.485,615336
1744266548,1,104.485,616001
1744266583,-2,104.483,616375
1744266585,3,104.483,617191
1744266601,4,104.487,617562
1744266608,-3,104.488,617885
1744266655,2,104.491,618019
1744266666,-2,104.492,618081
1744266694,0,104.493,618679
1744266730,-5,104.49,619045
1744266765,-5,104.487,620451
1744266771,1,104.484,621360
1744266796,3,104.484,621919
1744266799,-4,104.48,622876
1744266801,4,104.48,623800
1744266824,3,104.482,624488
1744266826,-7,104.478,625265
1744266861,1,104.476,625825
1744266905,2,104.474,626555
1744266908,2,104.475,627137
1744266918,3,104.478,627385
1744266937,-3,104.478,627934
1744266993,-3,104.477,629383
1744267003,-2,104.473,630093
1744267043,1,104.47,631087
1744267050,3,104.47,631553
1744267104,5,104.473,631737
1744267118,-8,104.471,632660
1744267143,5,104.472,633646
1744267147,-4,104.47,634417
1744267162,4,104.471,635140
1744267175,-1,104.472,635454
1744267194,9,104.472,636956
1744267223,-8,104.469,637248
1744267244,2,104.47,638318
1744267270,-5,104.467,638622
1744267313,-1,104.464,638737
1744267342,2,104.466,639981
1744267347,2,104.469,640942
1744267356,-1,104.472,641026
1744267367,-5,104.471,641515
1744267387,6,104.475,641999
1744267406,-4,104.477,642741
1744267429,5,104.475,643870
1744267453,0,104.477,644106
1744267455,0,104.478,644538
1744267482,0,104.479,645041
1744267521,-2,104.479,645553
1744267555,0,104.478,645846
1744267566,-2,104.476,646680
1744267574,-1,104.474,646989
1744267594,5,104.475,647396
1744267602,2,104.478,647398
1744267614,0,104.48,648368
1744267635,-3,104.481,648711
1744267696,0,104.477,649873
1744267698,2,104.477,650072
1744267699,5,104.48,650223
1744267726,2,104.482,650953
1744267790,0,104.484,651384
1744267834,1,104.487,652281
1744267845,-4,104.487,652291
1744267862,4,104.489,652335
1744267868,-4,104.489,652377
1744267875,-3,104.486,653069
1744267904,3,104.486,653136
1744267916,-3,104.483,653771
1744267928,5,104.484,654670
1744267929,1,104.486,655243
1744267940,2,104.49,656153
1744268010,-4,104.49,656390
1744268012,-5,104.487,656821
1744268030,3,104.486,657522
1744268080,-1,104.486,658190
1744268121,-2,104.483,659012
1744268147,2,104.482,659840
1744268152,2,104.483,660175
1744268160,0,104.483,660320
1744268178,0,104.483,660742
1744268220,3,104.486,661548
1744268228,-7,104.483,662075
1744268259,-4,104.487,663444
1744268274,1,104.488,663505
1744268291,1,104.49,664449
1744268295,0,104.492,664836
1744268300,-3,104.492,665798
1744268301,5,104.495,666547
1744268309,-4,104.496,667268
1744268373,1,104.497,667307
1744268381,3,104.5,668278
1744268401,-8,104.497,668844
1744268407,5,104.499,669136
1744268429,-4,104.497,669845
1744268439,2,104.496,669973
1744268443,3,104.498,670618
1744268446,1,104.501,671499
1744268447,-8,104.497,672054
1744268472,-4,104.5,673012
1744268542,1,104.497,674069
1744268565,-1,104.495,674723
1744268589,3,104.495,675086
1744268606,-5,104.492,675417
1744268640,9,104.495,676400
1744268670,-5,104.495,677095
1744268685,1,104.495,677689
1744268706,0,104.496,677748
1744268732,0,104.496,678307
1744268753,2,104.498,679014
1744268765,-6,104.495,679820
1744268770,4,104.496,680537
1744268777,1,104.497,681089
1744268792,1,104.499,681216
1744268807,1,104.501,681388
1744268815,1,104.504,681432
1744268880,6,104.504,682598
1744268900,9,104.502,683669
1744268911,-9,104.499,684002
1744268933,7,104.5,684388
1744268974,-3,104.5,685345
1744268990,5,104.503,686230
1744268999,-4,104.504,686996
1744269031,-2,104.503,687964
1744269035,-3,104.499,688212
1744269036,7,104.501,688337
1744269072,1,104.505,688464
1744269074,-3,104.506,688726
1744269117,-3,104.504,688908
1744269124,-1,104.501,689141
1744269131,1,104.5,689240
1744269190,3,104.504,690669
1744269196,-1,104.507,690733
1744269223,1,104.511,691696
1744269233,-2,104.512,692046
1744269268,0,104.513,692277
1744269303,2,104.515,692505
1744269325,-4,104.515,693165
1744269327,4,104.518,693386
1744269358,-3,104.518,693489
1744269377,-4,104.515,694243
1744269394,2,104.514,694485
1744269400,5,104.517,694569
1744269430,3,104.518,695419
1744269434,-3,104.518,695908
1744269456,2,104.519,696114
1744269469,3,104.522,696460
1744269497,-7,104.52,697217
1744269502,5,104.522,697734
1744269509,2,104.525,698427
1744269517,-8,104.523,699034
1744269541,3,104.522,699530
1744269553,5,104.526,700051
1744269565,0,104.529,700310
1744269592,-3,104.53,701258
1744269610,2,104.532,702201
1744269636,-2,104.533,702773
1744269656,0,104.534,703345
1744269660,0,104.535,703686
1744269674,-5,104.533,703787
1744269686,6,104.535,703958
1744269731,-4,104.534,704239
1744269757,1,104.533,704605
1744269766,-1,104.532,705104
1744269767,0,104.531,705374
1744269815,6,104.534,705798
1744269835,-9,104.531,706044
1744269838,8,104.533,706241
1744269847,0,104.536,706521
1744269864,-6,104.534,706919
1744269897,0,104.532,707114
1744269921,4,104.533,707936
1744269950,0,104.528,708913
1744269951,-1,104.525,709258
1744269965,1,104.523,709893
1744269980,5,104.524,710213
1744269981,-2,104.523,711005
1744270004,-4,104.52,711816
1744270029,8,104.521,713468
1744270037,-1,104.523,713834
1744270047,-7,104.521,714251
1744270056,6,104.523,714265
1744270069,-2,104.523,714709
1744270078,0,104.523,715071
1744270094,-4,104.521,715788
1744270103,3,104.52,715958
1744270115,0,104.52,716168
1744270122,4,104.523,716307
1744270162,-3,104.518,717741
1744270211,2,104.517,718580
1744270213,3,104.517,719308
1744270222,2,104.519,719971
1744270235,0,104.52,720053
1744270249,-7,104.517,720961
1744270272,2,104.516,721283
1744270277,-2,104.512,721334
1744270283,0,104.509,721715
1744270309,5,104.511,722312
1744270319,3,104.513,723035
1744270327,-6,104.512,723324
1744270341,0,104.51,724525
1744270357,1,104.509,724773
1744270371,-4,104.506,724776
1744270385,-2,104.503,725995
1744270414,1,104.507,727331
1744270431,0,104.503,728288
1744270433,0,104.502,728493
1744270456,3,104.502,729488
1744270463,-4,104.5,730248
1744270528,5,104.501,730938
1744270533,1,104.502,731295
1744270562,0,104.503,732258
1744270577,-3,104.501,732565
1744270579,5,104.503,733342
1744270583,0,104.505,734082
1744270586,0,104.506,734091
1744270594,-6,104.504,734318
1744270621,-1,104.501,734753
1744270627,4,104.501,734946
1744270637,3,104.501,735726
1744270646,0,104.502,735904
1744270651,3,104.505,736374
1744270661,-1,104.507,737095
1744270675,-3,104.507,737680
1744270682,-1,104.507,737699
1744270706,-1,104.506,738675
1744270735,0,104.505,739570
1744270762,2,104.505,740006
1744270778,-1,104.505,740854
1744270783,0,104.505,741216
1744270787,-4,104.502,742199
1744270804,8,104.504,742866
1744270814,-5,104.503,743185
1744270831,6,104.506,743680
1744270840,-3,104.507,744359
1744270844,2,104.509,745323
1744270852,1,104.512,746026
1744270858,-6,104.511,746321
1744270908,0,104.51,747026
1744270917,3,104.511,747758
1744270927,1,104.513,748296
1744270941,-2,104.513,749147
1744270952,-5,104.51,749328
1744270975,-1,104.512,750283
1744270991,-5,104.509,751044
1744270999,4,104.508,751139
1744271008,4,104.511,751234
1744271020,-7,104.508,751823
1744271032,8,104.511,751871
1744271066,-8,104.509,752558
1744271077,4,104.509,753408
1744271092,-3,104.508,753603
1744271101,4,104.506,754187
1744271104,2,104.507,754375
1744271121,-3,104.507,754593
1744271136,1,104.507,754989
1744271143,2,104.509,755305
1744271162,-4,104.508,755656
1744271186,-1,104.506,756467
1744271193,6,104.509,757032
1744271216,-6,104.507,757087
1744271226,3,104.507,757653
1744271258,-1,104.507,758164
1744271271,4,104.509,758689
1744271286,1,104.512,759399
1744271301,-2,104.514,759562
1744271309,-3,104.513,759629
1744271314,-3,104.511,760568
1744271352,1,104.514,761878
1744271372,-6,104.511,762113
1744271395,-6,104.511,763804
1744271402,8,104.514,764140
1744271404,-9,104.511,765138
1744271411,0,104.508,765183
1744271418,6,104.509,765983
1744271435,-3,104.508,766978
1744271449,3,104.509,767057
1744271466,0,104.51,767588
1744271508,2,104.512,768562
1744271525,-1,104.514,769520
1744271557,1,104.516,770253
1744271567,-1,104.517,770988
1744271606,-7,104.515,771606
1744271615,4,104.514,771714
1744271625,5,104.517,772576
1744271633,-1,104.519,773557
1744271644,0,104.522,773841
1744271650,-1,104.523,774341
1744271659,-2,104.523,774796
1744271670,-2,104.522,775492
1744271719,-2,104.52,776267
1744271733,8,104.523,776933
1744271745,-5,104.523,777851
1744271754,-4,104.52,777897
1744271769,-1,104.525,778628
1744271801,-1,104.521,779024
1744271848,5,104.522,779513
1744271849,2,104.524,780063
1744271865,0,104.526,780662
1744271874,-5,104.525,781005
1744271879,6,104.528,781141
1744271887,-8,104.526,782058
1744271894,1,104.524,782854
1744271903,7,104.527,783137
1744271913,-8,104.525,783240
1744271921,8,104.528,784211
1744271948,-7,104.526,784546
1744271958,2,104.526,785062
1744271992,0,104.526,785240
1744271995,0,104.525,786145
1744272032,-4,104.522,786669
1744272075,1,104.52,787379
1744272081,2,104.522,787616
1744272094,2,104.525,787737
1744272108,-1,104.527,788326
1744272138,1,104.53,788530
1744272140,-8,104.527,788825
1744272154,6,104.529,789512
1744272193,2,104.532,790075
1744272239,-4,104.539,791728
1744272245,1,104.539,792262
1744272247,-5,104.537,792445
1744272264,2,104.536,792874
1744272290,0,104.536,793809
1744272297,3,104.537,794718
1744272311,-1,104.538,794887
1744272320,0,104.539,795694
1744272357,1,104.541,796085
1744272376,1,104.543,797019
1744272386,-7,104.54,797413
1744272397,5,104.541,798077
1744272416,-2,104.541,798883
1744272427,-2,104.539,799711
1744272433,3,104.54,799969
1744272442,2,104.541,800601
1744272474,0,104.543,801076
1744272481,-4,104.542,801186
1744272506,-1,104.54,801255
1744272541,5,104.542,801866
1744272551,-6,104.54,802440
1744272583,2,104.539,803083
1744272587,5,104.541,803189
1744272596,0,104.543,803839
1744272600,-7,104.541,804356
1744272603,3,104.54,805308
1744272626,1,104.541,805426
1744272671,-1,104.539,806487
1744272672,6,104.542,807019
1744272680,-3,104.543,807106
1744272691,2,104.545,807982
1744272701,-7,104.543,808235
1744272706,3,104.543,808536
1744272770,2,104.543,809948
1744272787,0,104.545,810584
1744272791,-5,104.544,811334
1744272794,0,104.543,811403
1744272858,-1,104.547,812744
1744272875,1,104.549,813233
1744272878,-8,104.546,813358
1744272888,0,104.543,814176
1744272911,0,104.541,814855
1744272945,2,104.54,815791
1744272959,1,104.541,816605
1744272976,-6,104.538,817311
1744272985,6,104.539,818290
1744272991,-6,104.536,819120
1744273000,4,104.536,819537
1744273005,1,104.536,820054
1744273020,4,104.539,820701
1744273024,-6,104.538,820945
1744273026,6,104.541,821749
1744273066,6,104.54,822281
1744273082,-4,104.539,822841
1744273089,5,104.541,823392
1744273138,-6,104.54,823525
1744273199,0,104.538,823597
1744273213,3,104.538,823920
1744273247,4,104.541,824889
1744273332,-5,104.542,825925
1744273335,1,104.542,826532
1744273342,3,104.543,827328
1744273365,-5,104.542,828076
1744273367,-2,104.539,828263
1744273368,1,104.537,829212
1744273432,4,104.535,830436
1744273450,3,104.537,831077
1744273464,-7,104.535,831688
1744273476,0,104.533,831863
1744273483,4,104.533,832031
1744273486,-2,104.532,832488
1744273501,3,104.533,832634
1744273516,0,104.534,833444
1744273533,3,104.537,834321
1744273544,-9,104.534,834802
1744273551,5,104.534,834945
1744273552,2,104.536,834988
1744273583,-3,104.535,835961
1744273591,-2,104.534,836370
1744273600,-2,104.531,837360
1744273615,2,104.53,837681
1744273622,0,104.528,837686
1744273645,2,104.528,837690
1744273649,0,104.528,838642
1744273683,1,104.529,839037
1744273710,-6,104.526,839758
1744273716,6,104.527,840663
1744273742,3,104.53,840713
1744273780,-8,104.527,841328
1744273784,6,104.529,841701
1744273825,-3,104.529,842184
1744273827,1,104.529,842346
1744273836,-4,104.527,843029
1744273839,1,104.525,843121
1744273851,0,104.526,844661
1744273853,4,104.529,844702
1744273861,-9,104.526,845129
1744273876,5,104.526,845283
1744273885,3,104.528,846206
1744273893,-5,104.527,846631
1744273908,-2,104.525,846780
1744273933,5,104.526,847344
1744273945,-3,104.525,847761
1744273963,0,104.524,848738
1744273987,6,104.527,848977
1744273988,-1,104.529,849689
1744273997,-5,104.528,850463
1744273998,2,104.528,851309
1744274050,1,104.529,852068
1744274058,-2,104.529,852344
1744274063,-3,104.527,852607
1744274093,5,104.528,853391
1744274121,-5,104.527,853698
1744274141,6,104.53,854499
1744274157,-2,104.531,854848
1744274159,-3,104.531,855135
1744274169,-1,104.53,855885
1744274177,-2,104.528,855945
1744274192,6,104.529,856781
1744274193,-6,104.527,857609
1744274203,8,104.53,858091
1744274233,-9,104.527,858359
1744274249,7,104.529,858943
1744274256,-5,104.527,859650
1744274262,2,104.527,859836
1744274353,-3,104.525,861157
1744274376,-1,104.522,861743
1744274378,4,104.522,861988
1744274406,-3,104.52,862061
1744274426,7,104.522,862215
1744274437,-5,104.521,862412
1744274466,-2,104.525,864309
1744274472,-1,104.526,864350
1744274479,-3,104.525,864747
1744274484,-3,104.522,865048
1744274559,1,104.522,867053
1744274572,2,104.524,867348
1744274581,-2,104.526,867575
1744274613,-5,104.524,868549
1744274621,6,104.526,869247
1744274629,1,104.529,869817
1744274639,0,104.531,870589
1744274660,-8,104.529,870612
1744274678,4,104.53,870990
1744274702,0,104.531,871414
1744274726,0,104.533,871926
1744274730,-5,104.531,872856
1744274740,0,104.53,873616
1744274748,4,104.531,874117
1744274766,-2,104.529,874290
1744274768,5,104.53,875131
1744274783,-7,104.528,875751
1744274789,6,104.529,876724
1744274805,2,104.531,877115
1744274823,-2,104.531,877507
1744274837,3,104.531,878048
1744274843,1,104.533,878742
1744274865,1,104.535,879458
1744274896,1,104.532,881103
1744274913,5,104.534,881321
1744274957,-7,104.532,882004
1744275001,-1,104.528,883666
1744275057,8,104.53,884495
1744275106,-8,104.527,885117
1744275109,9,104.53,885611
1744275117,-7,104.528,886509
1744275132,5,104.53,886708
1744275155,-1,104.531,886821
1744275249,0,104.534,888317
1744275272,-2,104.533,888736
1744275280,2,104.534,889538
1744275304,1,104.535,889995
1744275310,-7,104.533,890941
1744275314,0,104.53,891509
1744275371,0,104.534,893082
1744275399,-4,104.534,893505
1744275424,3,104.535,894232
1744275433,-7,104.533,895079
1744275449,5,104.533,895835
1744275467,4,104.536,896253
1744275470,0,104.538,896603
1744275491,-9,104.536,897215
1744275506,9,104.538,897980
1744275515,-6,104.537,898592
1744275533,-2,104.535,898684
1744275548,0,104.533,899193
1744275559,0,104.531,899939
1744275572,6,104.533,900425
1744275613,-6,104.531,900845
1744275629,-1,104.528,901693
1744275641,6,104.529,902531
1744275649,-5,104.527,902908
1744275654,0,104.525,902909
1744275684,4,104.525,903835
1744275694,-2,104.525,904455
1744275709,5,104.526,905274
1744275723,-4,104.526,905637
1744275753,1,104.528,906551
1744275765,-6,104.526,906984
1744275773,7,104.528,907475
1744275781,-1,104.53,908465
1744275802,0,104.531,909049
1744275810,-4,104.53,909882
1744275815,0,104.529,910539
1744275839,-2,104.533,911138
1744275842,2,104.536,911310
1744275886,-3,104.536,912161
1744275901,-2,104.536,912954
1744275907,3,104.537,913709
1744275948,-4,104.535,915102
1744275967,9,104.537,915628
1744276013,-4,104.537,915758
1744276039,-2,104.541,916144
1744276077,-6,104.539,916855
1744276079,5,104.54,917101
1744276103,-6,104.538,917706
1744276105,7,104.539,918483
1744276125,1,104.541,918743
1744276129,1,104.543,919392
1744276153,-7,104.542,919779
1744276179,3,104.542,920443
1744276186,-2,104.541,920867
1744276193,1,104.541,921666
1744276204,-2,104.54,922178
1744276248,6,104.541,922500
1744276315,-7,104.54,923043
1744276334,7,104.541,923348
1744276339,-2,104.542,923891
1744276340,-1,104.542,924669
1744276367,-5,104.54,925652
1744276392,1,104.538,925897
1744276411,-1,104.536,926824
1744276450,0,104.533,926955
1744276459,0,104.531,927330
1744276461,8,104.533,927662
1744276514,-1,104.534,927808
1744276520,0,104.535,928497
1744276528,-4,104.534,929166
1744276531,6,104.537,929928
1744276544,-5,104.537,930274
1744276551,5,104.539,930635
1744276564,-5,104.539,931189
1744276596,1,104.539,931456
1744276634,-2,104.538,932285
1744276716,6,104.54,932893
1744276747,-8,104.539,933053
1744276755,2,104.538,933911
1744276763,4,104.539,934544
1744276767,-4,104.538,935432
1744276810,-3,104.536,937041
1744276871,-1,104.533,938046
1744276900,3,104.533,938642
1744276936,2,104.535,938850
1744276966,-1,104.535,939140
1744276991,2,104.537,939618
1744277010,-3,104.538,940672
1744277028,1,104.539,941489
1744277038,2,104.54,942474
1744277049,-1,104.541,943202
1744277083,-4,104.539,944147
1744277092,6,104.541,944241
1744277097,-6,104.54,944683
1744277127,4,104.54,944943
1744277137,-2,104.54,945663
1744277138,5,104.543,946228
1744277143,-3,104.543,946601
1744277151,-1,104.544,947501
1744277152,1,104.544,948472
1744277190,-1,104.545,948741
1744277208,-8,104.545,950147
1744277218,3,104.545,950815
1744277252,3,104.542,951631
1744277264,6,104.544,952490
1744277268,-4,104.544,952796
1744277289,-3,104.543,953484
1744277294,4,104.544,954462
1744277306,-3,104.543,955098
1744277347,-3,104.54,955371
1744277365,0,104.538,955639
1744277369,5,104.538,955705
1744277383,-4,104.536,956577
1744277392,8,104.539,956620
1744277426,3,104.539,957469
1744277459,3,104.541,958437
1744277468,-7,104.54,958622
1744277492,1,104.539,958800
1744277501,2,104.539,959218
1744277509,-4,104.537,959604
1744277520,7,104.539,959670
1744277585,3,104.541,960612
1744277612,-4,104.541,961436
1744277615,-3,104.539,962019
1744277626,8,104.541,962812
1744277636,-4,104.542,963353
1744277681,4,104.544,963416
1744277693,-2,104.541,964690
1744277761,4,104.539,965216
1744277788,1,104.539,966018
1744277794,2,104.54,966289
1744277832,-2,104.54,966796
1744277851,-1,104.54,967439
1744277864,-1,104.539,967462
1744277881,-1,104.538,967676
1744277887,1,104.537,968393
1744277914,-3,104.535,969017
1744277920,6,104.536,969477
1744277927,-4,104.534,969671
1744277973,5,104.536,970226
1744277999,8,104.536,971301
1744278000,-5,104.536,971734
1744278018,4,104.538,973223
1744278032,-6,104.538,973434
1744278047,-1,104.536,974247
1744278060,7,104.539,974302
1744278069,-2,104.54,974641
1744278076,-5,104.538,975583
1744278101,-2,104.536,975805
1744278118,9,104.538,976680
1744278147,-3,104.539,977236
1744278153,1,104.54,977604
1744278159,-4,104.54,977838
1744278169,0,104.539,977939
1744278181,1,104.539,978064
1744278212,-2,104.537,978363
1744278226,-2,104.535,978596
1744278249,0,104.533,979179
1744278272,4,104.532,979796
1744278296,2,104.533,980182
1744278303,-4,104.532,980605
1744278307,2,104.532,980908
1744278328,5,104.534,981731
1744278337,-3,104.535,982168
1744278341,-4,104.533,982894
1744278346,4,104.532,983608
1744278355,-7,104.532,985332
1744278359,4,104.532,985538
1744278363,4,104.535,986136
1744278395,-8,104.533,986940
1744278411,4,104.533,987449
1744278412,-2,104.532,987666
1744278431,3,104.533,987680
1744278447,-5,104.531,987874
1744278468,5,104.532,988022
1744278469,-4,104.531,988942
1744278477,7,104.533,989219
1744278491,-7,104.532,989644
1744278498,4,104.533,990378
1744278512,0,104.533,990963
1744278538,0,104.534,991311
1744278546,-5,104.532,991566
1744278552,7,104.534,992060
1744278570,-2,104.535,992659
1744278572,0,104.535,993301
1744278627,-5,104.534,993736
1744278638,4,104.534,994113
1744278645,-2,104.533,994943
1744278650,4,104.534,994959
1744278659,-4,104.534,995588
1744278685,3,104.534,995675
1744278708,-1,104.531,996702
1744278717,6,104.533,997525
1744278752,-2,104.533,998350
1744278776,-3,104.531,998828
1744278802,1,104.532,1.00051e+06
1744278825,-1,104.533,1.0007e+06
1744278840,-2,104.532,1.00105e+06
1744278859,-1,104.528,1.00113e+06
1744278897,4,104.528,1.00136e+06
1744278916,5,104.53,1.00215e+06
1744278926,-9,104.528,1.00274e+06
1744278970,6,104.528,1.00374e+06
1744278997,-5,104.527,1.00385e+06
1744279004,0,104.525,1.00394e+06
1744279044,-7,104.525,1.00463e+06
1744279089,7,104.527,1.00471e+06
1744279110,-5,104.526,1.00495e+06
1744279181,-7,104.524,1.00626e+06
1744279204,8,104.525,1.00693e+06
1744279214,-5,104.524,1.00756e+06
1744279219,5,104.526,1.00789e+06
1744279245,-2,104.527,1.00808e+06
1744279253,-5,104.525,1.00809e+06
1744279295,1,104.524,1.0086e+06
1744279308,0,104.523,1.0094e+06
1744279321,6,104.524,1.01001e+06
1744279330,-3,104.525,1.0109e+06
1744279332,-1,104.524,1.01128e+06
1744279343,0,104.524,1.01204e+06
1744279368,5,104.526,1.01256e+06
1744279375,-8,104.525,1.01334e+06
1744279382,8,104.527,1.01422e+06
1744279386,-4,104.527,1.01445e+06
1744279416,-5,104.525,1.01514e+06
1744279426,-5,104.524,1.01616e+06
1744279428,5,104.525,1.01657e+06
1744279441,-2,104.524,1.0168e+06
1744279452,3,104.525,1.01727e+06
1744279473,2,104.528,1.01741e+06
1744279508,1,104.524,1.01814e+06
1744279522,8,104.526,1.01874e+06
1744279532,-2,104.523,1.0198e+06
1744279542,7,104.525,1.01996e+06
1744279593,5,104.524,1.02065e+06
1744279597,2,104.526,1.02097e+06
1744279602,-6,104.525,1.02132e+06
1744279610,2,104.524,1.0219e+06
1744279618,2,104.525,1.02253e+06
1744279625,-5,104.523,1.02267e+06
1744279636,3,104.523,1.02323e+06
1744279670,1,104.525,1.02442e+06
1744279697,-2,104.525,1.02508e+06
1744279706,0,104.525,1.02602e+06
1744279716,-5,104.523,1.02667e+06
1744279723,7,104.525,1.02715e+06
1744279726,1,104.526,1.02719e+06
1744279734,0,104.528,1.02721e+06
1744279797,-1,104.528,1.02888e+06
1744279800,-1,104.527,1.0297e+06
1744279816,5,104.529,1.02975e+06
1744279869,-2,104.529,1.03046e+06
1744279873,0,104.53,1.03146e+06
1744279891,1,104.531,1.03194e+06
1744279907,-4,104.531,1.03248e+06
1744279971,4,104.532,1.03311e+06
1744279978,2,104.534,1.03397e+06
1744279983,-2,104.535,1.03439e+06
1744279986,-6,104.533,1.03484e+06
1744279996,8,104.536,1.03581e+06
1744280017,-7,104.534,1.03596e+06
1744280027,4,104.535,1.03668e+06
1744280041,-2,104.535,1.03682e+06
1744280045,-1,104.534,1.03725e+06
1744280118,-3,104.534,1.03793e+06
1744280156,6,104.536,1.03809e+06
1744280166,-3,104.537,1.0384e+06
1744280184,-3,104.536,1.03938e+06
1744280189,6,104.538,1.03956e+06
1744280199,-3,104.539,1.04038e+06
1744280217,0,104.54,1.04076e+06
1744280259,-5,104.538,1.04106e+06
1744280286,8,104.54,1.04162e+06
1744280292,-4,104.54,1.04211e+06
1744280328,-1,104.54,1.04301e+06
1744280383,0,104.54,1.04374e+06
1744280384,3,104.541,1.04378e+06
1744280395,-1,104.542,1.04424e+06
1744280407,-3,104.541,1.04447e+06
1744280430,-2,104.543,1.0448e+06
1744280441,-4,104.542,1.04528e+06
1744280456,-2,104.54,1.046e+06
1744280488,6,104.54,1.04734e+06
1744280508,-2,104.541,1.04814e+06
1744280527,-6,104.539,1.04912e+06
1744280537,1,104.537,1.04949e+06
1744280540,-1,104.535,1.04983e+06
1744280555,0,104.533,1.05038e+06
1744280585,6,104.534,1.05115e+06
1744280611,-1,104.535,1.05186e+06
1744280649,-2,104.534,1.05242e+06
1744280654,1,104.534,1.05335e+06
1744280682,2,104.534,1.05432e+06
1744280704,-6,104.532,1.05478e+06
1744280718,1,104.53,1.05491e+06
1744280733,-1,104.528,1.05553e+06
1744280755,2,104.527,1.05581e+06
1744280799,2,104.527,1.05649e+06
1744280818,5,104.529,1.0574e+06
1744280820,-7,104.528,1.05787e+06
1744280846,2,104.528,1.05852e+06
1744280848,5,104.53,1.05916e+06
1744280871,-4,104.53,1.05942e+06
1744280879,3,104.532,1.05984e+06
1744280883,-5,104.531,1.06075e+06
1744280894,-1,104.53,1.06145e+06
1744280929,3,104.53,1.06216e+06
1744280950,0,104.53,1.06243e+06
1744281009,0,104.53,1.06334e+06
1744281019,2,104.531,1.06342e+06
1744281050,-1,104.532,1.06396e+06
1744281064,-1,104.532,1.06459e+06
1744281069,4,104.534,1.06514e+06
1744281108,-3,104.535,1.0659e+06
1744281113,-6,104.533,1.06636e+06
1744281141,8,104.535,1.06717e+06
1744281156,1,104.537,1.06723e+06
1744281170,-9,104.535,1.06723e+06
1744281175,5,104.535,1.06808e+06
1744281176,3,104.536,1.06874e+06
1744281203,-7,104.535,1.06949e+06
1744281207,3,104.535,1.07004e+06
1744281223,-6,104.534,1.07099e+06
1744281232,8,104.536,1.07107e+06
1744281236,-1,104.538,1.07191e+06
1744281257,0,104.539,1.07211e+06
1744281268,-6,104.538,1.07279e+06
1744281300,6,104.54,1.0732e+06
1744281302,-5,104.539,1.07383e+06
1744281306,-1,104.538,1.07392e+06
1744281341,7,104.54,1.07446e+06
1744281351,-9,104.538,1.07453e+06
1744281380,1,104.536,1.07489e+06
1744281385,6,104.537,1.07534e+06
1744281387,1,104.539,1.07574e+06
1744281396,-3,104.539,1.07599e+06
1744281403,-5,104.537,1.07662e+06
1744281411,3,104.536,1.07726e+06
1744281415,4,104.537,1.07746e+06
1744281430,-4,104.536,1.07801e+06
1744281458,8,104.538,1.07807e+06
1744281471,-4,104.538,1.07831e+06
1744281515,5,104.54,1.0794e+06
1744281547,-7,104.539,1.07961e+06
1744281576,6,104.54,1.08048e+06
1744281608,-2,104.541,1.08101e+06
1744281652,3,104.538,1.08275e+06
1744281669,-2,104.537,1.08329e+06
1744281699,2,104.537,1.08355e+06
1744281744,1,104.538,1.08427e+06
1744281752,2,104.54,1.08434e+06
1744281758,-1,104.541,1.08478e+06
1744281759,-3,104.541,1.08535e+06
1744281773,-1,104.54,1.08556e+06
1744281782,-3,104.538,1.08615e+06
1744281791,4,104.538,1.08684e+06
1744281811,0,104.537,1.0869e+06
1744281882,0,104.537,1.08918e+06
1744281900,-6,104.536,1.08957e+06
1744281904,4,104.536,1.08994e+06
1744281936,-5,104.534,1.09091e+06
1744281959,5,104.534,1.09188e+06
1744281995,2,104.535,1.09276e+06
1744282008,0,104.536,1.09285e+06
1744282013,-6,104.535,1.09348e+06
1744282033,1,104.533,1.0942e+06
1744282036,-1,104.532,1.09479e+06
1744282040,2,104.531,1.09561e+06
1744282055,5,104.533,1.09659e+06
1744282089,-7,104.531,1.09752e+06
1744282099,3,104.531,1.0983e+06
1744282139,3,104.532,1.09832e+06
1744282167,-7,104.53,1.09927e+06
1744282211,1,104.528,1.09991e+06
1744282253,3,104.528,1.10015e+06
1744282273,-3,104.527,1.10109e+06
1744282315,0,104.529,1.10144e+06
1744282323,-3,104.529,1.10185e+06
1744282374,-1,104.528,1.10269e+06
1744282384,4,104.529,1.10349e+06
1744282402,-4,104.528,1.10398e+06
1744282431,4,104.529,1.10469e+06
1744282440,-3,104.529,1.10564e+06
1744282462,0,104.529,1.1064e+06
1744282467,1,104.529,1.10719e+06
1744282471,2,104.53,1.10725e+06
1744282477,-7,104.528,1.1075e+06
1744282489,8,104.53,1.10834e+06
1744282497,-6,104.529,1.10924e+06
1744282524,3,104.528,1.11085e+06
1744282534,-1,104.527,1.11142e+06
1744282535,-2,104.526,1.11192e+06
1744282540,-2,104.524,1.11271e+06
1744282558,2,104.523,1.11276e+06
1744282604,4,104.524,1.11288e+06
1744282633,-5,104.522,1.11306e+06
1744282704,4,104.524,1.11418e+06
1744282764,2,104.521,1.11557e+06
1744282776,6,104.523,1.11655e+06
1744282808,-7,104.522,1.11687e+06
1744282823,5,104.523,1.11784e+06
1744282840,-6,104.522,1.11872e+06
1744282857,7,104.523,1.11879e+06
1744282861,-7,104.522,1.11944e+06
1744282879,4,104.522,1.11946e+06
1744282893,-3,104.521,1.11997e+06
1744282902,6,104.522,1.1208e+06
1744282912,-4,104.522,1.1208e+06
1744282934,1,104.522,1.12107e+06
1744282948,-2,104.522,1.12194e+06
1744282954,0,104.521,1.12225e+06
1744282963,2,104.521,1.12299e+06
1744282983,3,104.523,1.12355e+06
1744283030,6,104.522,1.12454e+06
1744283052,0,104.52,1.12469e+06
1744283070,0,104.519,1.12515e+06
1744283078,2,104.519,1.12519e+06
1744283083,-2,104.518,1.12612e+06
1744283088,0,104.516,1.12613e+06
1744283095,-2,104.514,1.12631e+06
1744283096,9,104.516,1.12639e+06
1744283110,0,104.518,1.12644e+06
1744283146,-7,104.517,1.12743e+06
1744283167,6,104.519,1.12822e+06
1744283173,-8,104.517,1.1286e+06
1744283175,1,104.515,1.12877e+06
1744283187,6,104.516,1.12915e+06
1744283232,-6,104.515,1.1292e+06
1744283246,0,104.513,1.12935e+06
1744283255,6,104.514,1.13017e+06
1744283290,6,104.513,1.131e+06
1744283304,1,104.514,1.13174e+06
1744283324,-1,104.515,1.13175e+06
1744283348,-2,104.515,1.13217e+06
1744283366,3,104.516,1.13268e+06
1744283389,-2,104.516,1.13361e+06
1744283401,0,104.516,1.13404e+06
1744283411,-2,104.515,1.13466e+06
1744283430,3,104.518,1.13503e+06
1744283440,-3,104.519,1.13509e+06
1744283447,1,104.52,1.13539e+06
1744283492,-3,104.52,1.13619e+06
1744283496,1,104.52,1.13664e+06
1744283504,0,104.52,1.13742e+06
1744283514,0,104.52,1.13758e+06
1744283521,-2,104.519,1.13845e+06
1744283522,3,104.52,1.13856e+06
1744283531,-3,104.519,1.13923e+06
1744283537,-1,104.518,1.13997e+06
1744283577,9,104.518,1.14082e+06
1744283632,2,104.521,1.14096e+06
1744283649,-5,104.52,1.1413e+06
1744283718,3,104.522,1.14242e+06
1744283738,-3,104.522,1.14304e+06
1744283769,-2,104.521,1.14345e+06
1744283801,-2,104.52,1.14424e+06
1744283844,8,104.522,1.14471e+06
1744283872,-3,104.522,1.14475e+06
1744283899,3,104.524,1.14506e+06
1744283908,-3,104.525,1.14534e+06
1744283916,0,104.525,1.1454e+06
1744283928,3,104.527,1.14602e+06
1744283943,-7,104.526,1.14651e+06
1744283951,1,104.526,1.14731e+06
1744283952,-1,104.525,1.14822e+06
1744283959,3,104.525,1.14918e+06
1744283984,-4,104.523,1.14925e+06
1744284015,3,104.523,1.14966e+06
1744284026,5,104.525,1.15021e+06
1744284034,-2,104.526,1.15038e+06
1744284041,-3,104.526,1.15136e+06
1744284082,-4,104.525,1.15275e+06
1744284091,5,104.526,1.15299e+06
1744284114,-1,104.529,1.15418e+06
1744284132,0,104.53,1.15502e+06
1744284144,-4,104.529,1.1554e+06
1744284172,1,104.529,1.15562e+06
1744284197,-3,104.528,1.15603e+06
1744284214,1,104.525,1.15709e+06
1744284258,-4,104.527,1.15835e+06
1744284272,-5,104.525,1.15838e+06
1744284279,-1,104.524,1.15986e+06
1744284293,4,104.525,1.16048e+06
1744284320,-4,104.523,1.16175e+06
1744284322,7,104.524,1.16257e+06
1744284331,-6,104.523,1.16264e+06
1744284336,8,104.525,1.16312e+06
1744284352,-9,104.523,1.16388e+06
1744284409,7,104.524,1.1644e+06
1744284423,-7,104.522,1.16477e+06
1744284441,7,104.523,1.16551e+06
1744284462,1,104.524,1.16578e+06
1744284498,-6,104.523,1.16628e+06
1744284523,6,104.525,1.1667e+06
1744284549,6,104.523,1.16813e+06
1744284592,-6,104.522,1.16816e+06
1744284608,1,104.52,1.1682e+06
1744284613,5,104.521,1.16856e+06
1744284748,-5,104.519,1.16952e+06
1744284749,8,104.521,1.16956e+06
1744284752,-5,104.521,1.16979e+06
1744284759,5,104.523,1.17044e+06
1744284782,-3,104.523,1.17139e+06
1744284791,-3,104.523,1.17168e+06
1744284798,6,104.525,1.17225e+06
1744284823,-9,104.523,1.1732e+06
1744284830,1,104.521,1.17322e+06
1744284834,-1,104.519,1.17362e+06
1744284863,1,104.518,1.17396e+06
1744284890,4,104.518,1.17418e+06
1744284898,2,104.519,1.17438e+06
1744284905,-2,104.519,1.17509e+06
1744284932,-4,104.518,1.17601e+06
1744284942,6,104.519,1.17642e+06
1744284957,-5,104.518,1.17693e+06
1744284992,6,104.519,1.17776e+06
1744285019,0,104.521,1.17837e+06
1744285046,-7,104.519,1.17875e+06
1744285053,8,104.521,1.1788e+06
1744285066,-5,104.521,1.17924e+06
1744285073,-1,104.52,1.17985e+06
1744285088,2,104.52,1.18012e+06
1744285097,4,104.522,1.18105e+06
1744285107,-3,104.523,1.18122e+06
1744285128,-4,104.522,1.18156e+06
1744285161,6,104.523,1.18178e+06
1744285183,1,104.525,1.18252e+06
1744285193,0,104.527,1.18322e+06
1744285207,-6,104.527,1.18362e+06
1744285220,3,104.527,1.18423e+06
1744285237,-5,104.526,1.1851e+06
1744285268,8,104.528,1.1858e+06
1744285291,-3,104.528,1.18691e+06
1744285361,-1,104.526,1.18758e+06
1744285371,-2,104.525,1.18778e+06
1744285403,9,104.526,1.18781e+06
1744285404,-9,104.525,1.1879e+06
1744285414,1,104.523,1.18824e+06
1744285440,3,104.523,1.18856e+06
1744285447,4,104.524,1.18874e+06
1744285466,-7,104.523,1.18927e+06
1744285474,5,104.523,1.19011e+06
1744285484,3,104.525,1.191e+06
1744285512,-6,104.525,1.19162e+06
1744285513,5,104.526,1.19255e+06
1744285547,-7,104.523,1.19364e+06
1744285556,6,104.524,1.19385e+06
1744285568,-2,104.524,1.19411e+06
1744285574,-3,104.522,1.19444e+06
1744285600,8,104.524,1.19496e+06
1744285624,-9,104.522,1.19524e+06
1744285635,8,104.524,1.19599e+06
1744285658,-4,104.524,1.19672e+06
1744285668,2,104.524,1.19769e+06
1744285681,-6,104.522,1.19799e+06
1744285693,2,104.521,1.19849e+06
1744285711,4,104.522,1.19884e+06
1744285721,-6,104.521,1.19931e+06
1744285773,2,104.521,1.20028e+06
1744285775,3,104.522,1.20092e+06
1744285790,-6,104.521,1.20125e+06
1744285809,5,104.521,1.20243e+06
1744285821,3,104.518,1.20349e+06
1744285861,-3,104.516,1.20367e+06
1744285878,0,104.519,1.20552e+06
1744285900,-5,104.519,1.20558e+06
1744285912,0,104.518,1.20577e+06
1744285926,0,104.517,1.20592e+06
1744285928,-1,104.516,1.20629e+06
1744285944,4,104.517,1.20696e+06
1744285997,-2,104.518,1.20728e+06
1744286069,-2,104.518,1.20751e+06
1744286076,6,104.519,1.20798e+06
1744286098,-4,104.52,1.20799e+06
1744286114,-4,104.518,1.20826e+06
1744286145,7,104.52,1.20904e+06
1744286154,-8,104.518,1.20938e+06
1744286192,1,104.517,1.21031e+06
1744286196,1,104.518,1.21052e+06
1744286241,-4,104.517,1.21069e+06
1744286251,2,104.517,1.211e+06
1744286294,-1,104.516,1.21185e+06
1744286331,-2,104.515,1.2125e+06
1744286340,1,104.514,1.21258e+06
1744286346,-1,104.512,1.21297e+06
1744286374,-1,104.51,1.21376e+06
1744286391,9,104.512,1.21469e+06
1744286400,-9,104.51,1.21568e+06
1744286406,4,104.51,1.21574e+06
1744286414,0,104.51,1.21616e+06
1744286451,1,104.51,1.21813e+06
1744286481,-5,104.508,1.21835e+06
1744286519,6,104.509,1.21869e+06
1744286539,1,104.51,1.21944e+06
1744286578,-4,104.509,1.22017e+06
1744286600,2,104.509,1.22071e+06
1744286639,1,104.51,1.22106e+06
1744286671,-4,104.509,1.2222e+06
1744286679,-1,104.507,1.22239e+06
1744286713,9,104.509,1.22338e+06
1744286736,-6,104.508,1.22381e+06
1744286745,-3,104.506,1.22465e+06
1744286769,9,104.508,1.22471e+06
1744286786,-6,104.508,1.22488e+06
1744286807,1,104.507,1.2254e+06
1744286824,-4,104.505,1.22554e+06
1744286846,9,104.507,1.22633e+06
1744286881,-6,104.507,1.2264e+06
1744286906,1,104.506,1.22721e+06
1744286910,4,104.508,1.2278e+06
1744286926,-6,104.507,1.22786e+06
1744286947,5,104.508,1.22803e+06
1744286954,-5,104.507,1.22866e+06
1744286964,-1,104.505,1.2287e+06
1744286971,4,104.506,1.22942e+06
1744287004,3,104.507,1.22998e+06
1744287070,-1,104.508,1.23066e+06
1744287074,1,104.509,1.23162e+06
1744287089,3,104.507,1.23317e+06
1744287106,-3,104.505,1.23413e+06
1744287115,3,104.505,1.23492e+06
1744287136,5,104.506,1.23529e+06
1744287145,1,104.508,1.23613e+06
1744287156,-1,104.509,1.23675e+06
1744287166,-5,104.509,1.237e+06
1744287169,4,104.51,1.23719e+06
1744287175,-6,104.508,1.23805e+06
1744287228,6,104.509,1.23853e+06
1744287262,-5,104.508,1.23926e+06
1744287264,-1,104.507,1.24008e+06
1744287274,4,104.507,1.24069e+06
1744287299,7,104.506,1.24232e+06
1744287310,-6,104.505,1.2426e+06
1744287318,2,104.504,1.24332e+06
1744287378,-3,104.502,1.24421e+06
1744287383,1,104.501,1.24487e+06
1744287428,0,104.5,1.24541e+06
1744287475,-5,104.499,1.2459e+06
1744287487,9,104.499,1.24756e+06
1744287547,-6,104.499,1.24826e+06
1744287574,-3,104.497,1.2484e+06
1744287577,5,104.497,1.24932e+06
1744287595,4,104.499,1.24999e+06
1744287599,-2,104.5,1.25068e+06
1744287619,-5,104.499,1.25166e+06
1744287620,5,104.5,1.2524e+06
1744287654,-2,104.5,1.25298e+06
1744287672,-2,104.5,1.2531e+06
1744287750,0,104.499,1.25394e+06
1744287768,-2,104.498,1.25455e+06
1744287773,1,104.497,1.25532e+06
1744287783,1,104.496,1.25578e+06
1744287791,4,104.497,1.2562e+06
1744287794,1,104.498,1.25686e+06
1744287797,-1,104.499,1.25741e+06
1744287836,-5,104.498,1.25751e+06
1744287855,3,104.499,1.25753e+06
1744287873,-4,104.497,1.25804e+06
1744287889,5,104.498,1.25935e+06
1744287911,0,104.499,1.2602e+06
1744287948,-7,104.498,1.26079e+06
1744287958,0,104.497,1.26126e+06
1744287963,1,104.496,1.26193e+06
1744287978,5,104.497,1.26233e+06
1744288006,5,104.497,1.26297e+06
1744288009,-5,104.496,1.26386e+06
1744288049,5,104.497,1.26438e+06
1744288080,-9,104.497,1.26539e+06
1744288093,2,104.496,1.26636e+06
1744288128,6,104.497,1.26659e+06
1744288150,-7,104.496,1.26688e+06
1744288152,8,104.497,1.26787e+06
1744288158,-1,104.499,1.26832e+06
1744288161,-1,104.5,1.26868e+06
1744288181,0,104.501,1.2692e+06
1744288192,1,104.502,1.26993e+06
1744288197,-7,104.501,1.27069e+06
1744288205,6,104.502,1.27071e+06
1744288219,-3,104.502,1.27143e+06
1744288256,-2,104.505,1.27283e+06
1744288283,-4,104.503,1.27339e+06
1744288311,5,104.504,1.27422e+06
1744288338,-5,104.502,1.27506e+06
1744288342,4,104.503,1.27579e+06
1744288427,-4,104.504,1.27703e+06
1744288434,-4,104.502,1.27786e+06
1744288468,3,104.501,1.27834e+06
1744288480,2,104.502,1.27869e+06
1744288489,-3,104.501,1.27947e+06
1744288493,4,104.501,1.27967e+06
1744288501,-5,104.5,1.27976e+06
1744288517,4,104.5,1.27999e+06
1744288556,-2,104.498,1.28096e+06
1744288573,1,104.497,1.28168e+06
1744288581,1,104.496,1.28226e+06
1744288588,2,104.497,1.28268e+06
1744288593,-2,104.496,1.2827e+06
1744288605,6,104.498,1.28318e+06
1744288609,-1,104.499,1.28393e+06
1744288617,-2,104.5,1.28456e+06
1744288623,3,104.502,1.28476e+06
1744288624,-8,104.5,1.28481e+06
1744288627,1,104.499,1.28525e+06
1744288692,2,104.499,1.2862e+06
1744288699,-3,104.498,1.28635e+06
1744288708,1,104.497,1.28714e+06
1744288715,-2,104.495,1.2875e+06
1744288722,0,104.493,1.28772e+06
1744288726,9,104.495,1.28815e+06
1744288728,-7,104.494,1.2887e+06
1744288738,5,104.495,1.28931e+06
1744288742,-1,104.496,1.29011e+06
1744288751,-1,104.496,1.29065e+06
1744288762,-2,104.495,1.2914e+06
1744288769,5,104.497,1.29163e+06
1744288785,-6,104.496,1.29261e+06
1744288821,3,104.496,1.29316e+06
1744288828,-1,104.496,1.29379e+06
1744288837,3,104.497,1.29415e+06
1744288864,-2,104.497,1.29433e+06
1744288866,2,104.498,1.29439e+06
1744288882,-5,104.497,1.29466e+06
1744288883,1,104.496,1.29559e+06
1744288918,2,104.496,1.29613e+06
1744288952,1,104.497,1.29705e+06
1744288966,-3,104.496,1.29707e+06
1744288969,-1,104.495,1.29803e+06
1744288974,1,104.495,1.29863e+06
1744288981,4,104.496,1.29947e+06
1744288999,-2,104.496,1.29981e+06
1744289034,-3,104.496,1.30106e+06
1744289042,0,104.495,1.30118e+06
1744289050,2,104.496,1.30193e+06
1744289062,3,104.497,1.30246e+06
1744289081,1,104.499,1.30275e+06
1744289089,-6,104.498,1.30336e+06
1744289114,3,104.499,1.30373e+06
1744289124,-4,104.498,1.30425e+06
1744289128,2,104.498,1.30471e+06
1744289142,-3,104.496,1.30509e+06
1744289212,-6,104.497,1.30626e+06
1744289215,-2,104.495,1.30671e+06
1744289240,2,104.494,1.30679e+06
1744289287,0,104.495,1.30742e+06
1744289295,2,104.496,1.30786e+06
1744289318,1,104.498,1.30846e+06
1744289331,-4,104.498,1.30848e+06
1744289333,-3,104.497,1.30862e+06
1744289334,1,104.497,1.30961e+06
1744289362,-3,104.495,1.30988e+06
1744289375,1,104.494,1.31079e+06
1744289395,7,104.495,1.31133e+06
1744289396,-2,104.496,1.31169e+06
1744289400,-6,104.494,1.31262e+06
1744289436,8,104.495,1.31293e+06
1744289460,1,104.497,1.3134e+06
1744289499,-8,104.496,1.31438e+06
1744289510,-1,104.494,1.3147e+06
1744289545,-6,104.493,1.31559e+06
1744289553,8,104.494,1.31633e+06
1744289605,-2,104.497,1.31749e+06
1744289608,0,104.498,1.31752e+06
1744289615,-3,104.498,1.31797e+06
1744289631,-4,104.496,1.31816e+06
1744289643,0,104.495,1.31851e+06
1744289644,2,104.496,1.31927e+06
1744289653,-6,104.494,1.31996e+06
1744289667,6,104.495,1.32057e+06
1744289683,-2,104.495,1.32125e+06
1744289693,1,104.495,1.32212e+06
1744289699,-4,104.494,1.32218e+06
1744289717,4,104.494,1.32239e+06
1744289722,0,104.494,1.32247e+06
1744289730,-5,104.492,1.32274e+06
1744289732,2,104.491,1.32334e+06
1744289735,4,104.492,1.32377e+06
1744289752,1,104.493,1.32471e+06
1744289756,-3,104.493,1.32549e+06
1744289769,0,104.492,1.32604e+06
1744289804,-6,104.494,1.32656e+06
1744289805,4,104.495,1.32734e+06
1744289807,-2,104.495,1.32783e+06
1744289817,-5,104.493,1.32835e+06
1744289823,9,104.495,1.3291e+06
1744289859,-9,104.493,1.32972e+06
1744289861,5,104.493,1.32994e+06
1744289882,-1,104.492,1.33081e+06
1744289900,1,104.491,1.33153e+06
1744289920,6,104.493,1.33206e+06
1744289922,-1,104.494,1.33229e+06
1744289937,-1,104.495,1.33262e+06
1744289947,1,104.496,1.33355e+06
1744289983,-5,104.496,1.33369e+06
1744290025,0,104.495,1.33394e+06
1744290072,0,104.494,1.33498e+06
1744290078,3,104.495,1.33544e+06
1744290083,-5,104.493,1.33603e+06
1744290099,5,104.494,1.33697e+06
1744290157,-1,104.494,1.33713e+06
1744290208,0,104.494,1.33747e+06
1744290216,1,104.495,1.33776e+06
1744290273,6,104.496,1.33926e+06
1744290277,-7,104.494,1.3397e+06
1744290281,8,104.496,1.33992e+06
1744290286,1,104.497,1.34067e+06
1744290298,-8,104.496,1.34126e+06
1744290310,2,104.495,1.34189e+06
1744290321,1,104.495,1.34289e+06
1744290339,4,104.496,1.34346e+06
1744290346,-8,104.495,1.34397e+06
1744290360,4,104.495,1.34415e+06
1744290364,5,104.496,1.34461e+06
1744290384,-7,104.495,1.34475e+06
1744290392,2,104.495,1.34574e+06
1744290419,-1,104.495,1.34576e+06
1744290433,4,104.496,1.34642e+06
1744290449,-3,104.495,1.3473e+06
1744290468,-1,104.495,1.34741e+06
1744290486,6,104.496,1.34809e+06
1744290496,-9,104.495,1.34815e+06
1744290512,9,104.496,1.34879e+06
1744290529,-1,104.498,1.34888e+06
1744290531,0,104.499,1.34982e+06
1744290547,0,104.5,1.35014e+06
1744290552,-7,104.499,1.35063e+06
1744290559,-1,104.497,1.35082e+06
1744290568,8,104.499,1.3509e+06
1744290587,-8,104.497,1.35174e+06
1744290597,4,104.497,1.35252e+06
1744290616,4,104.498,1.35344e+06
1744290622,-7,104.497,1.35346e+06
1744290627,0,104.496,1.35398e+06
1744290629,4,104.496,1.35455e+06
1744290638,0,104.496,1.35515e+06
1744290655,-5,104.494,1.35524e+06
1744290664,9,104.496,1.35543e+06
1744290678,0,104.493,1.35651e+06
1744290689,-1,104.492,1.35746e+06
1744290707,7,104.493,1.35785e+06
1744290729,-7,104.491,1.3585e+06
1744290738,8,104.492,1.35859e+06
1744290747,-7,104.491,1.3592e+06
1744290775,3,104.491,1.35933e+06
1744290805,3,104.489,1.36059e+06
1744290806,3,104.489,1.36117e+06
1744290812,2,104.49,1.36156e+06
1744290824,-4,104.49,1.36158e+06
1744290834,-1,104.49,1.36217e+06
1744290835,2,104.49,1.3624e+06
1744290839,-4,104.489,1.3631e+06
1744290844,1,104.488,1.36378e+06
1744290878,7,104.489,1.3646e+06
1744290885,-9,104.488,1.36477e+06
1744290890,0,104.486,1.36486e+06
1744290904,7,104.487,1.36542e+06
1744290905,-2,104.487,1.3658e+06
1744290911,0,104.487,1.36676e+06
1744290919,4,104.489,1.36713e+06
1744290963,0,104.491,1.36793e+06
1744290975,-6,104.49,1.36864e+06
1744290976,-2,104.489,1.36924e+06
1744290992,0,104.486,1.37044e+06
1744291007,8,104.488,1.37066e+06
1744291011,-6,104.487,1.3711e+06
1744291014,-1,104.487,1.37161e+06
1744291021,5,104.487,1.37189e+06
1744291109,3,104.49,1.37288e+06
1744291132,-6,104.489,1.37333e+06
1744291180,5,104.49,1.37409e+06
1744291209,-1,104.491,1.37414e+06
1744291210,1,104.493,1.37512e+06
1744291214,-5,104.492,1.37578e+06
1744291248,-2,104.491,1.37666e+06
1744291254,0,104.489,1.37722e+06
1744291259,-1,104.488,1.37793e+06
1744291265,9,104.49,1.37845e+06
1744291276,-8,104.488,1.37916e+06
1744291283,2,104.488,1.3801e+06
1744291311,-3,104.487,1.38055e+06
1744291328,6,104.488,1.38092e+06
1744291339,-1,104.489,1.38174e+06
1744291342,1,104.49,1.3822e+06
1744291344,-2,104.491,1.38284e+06
1744291378,0,104.492,1.38317e+06
1744291389,-6,104.49,1.38338e+06
1744291396,8,104.491,1.38423e+06
1744291420,1,104.493,1.38446e+06
1744291442,-1,104.493,1.3852e+06
1744291475,-5,104.492,1.38585e+06
1744291491,-6,104.491,1.38672e+06
1744291500,4,104.491,1.38674e+06
1744291544,-1,104.49,1.38757e+06
1744291553,-2,104.489,1.38821e+06
1744291586,7,104.49,1.38888e+06
1744291602,-6,104.489,1.38978e+06
1744291629,-4,104.487,1.39013e+06
1744291633,3,104.487,1.3908e+06
1744291639,3,104.487,1.39101e+06
1744291669,-4,104.487,1.39115e+06
1744291676,-1,104.485,1.39215e+06
1744291686,7,104.487,1.39262e+06
1744291716,-9,104.487,1.39336e+06
1744291744,-2,104.486,1.39396e+06
1744291757,0,104.486,1.39489e+06
1744291847,3,104.486,1.39582e+06
1744291860,3,104.488,1.39671e+06
1744291870,-6,104.487,1.3975e+06
1744291906,6,104.489,1.39783e+06
1744291943,0,104.491,1.39786e+06
1744291979,9,104.491,1.39794e+06
1744292003,-8,104.489,1.39837e+06
1744292009,7,104.491,1.39912e+06
1744292035,-7,104.489,1.39975e+06
1744292092,4,104.49,1.40054e+06
1744292094,-5,104.488,1.40094e+06
1744292106,2,104.487,1.4011e+06
1744292110,0,104.486,1.40132e+06
1744292136,4,104.487,1.40184e+06
1744292143,0,104.487,1.40218e+06
1744292173,3,104.489,1.40316e+06
1744292178,-7,104.488,1.4032e+06
1744292184,3,104.488,1.40329e+06
1744292201,-5,104.487,1.4038e+06
1744292243,0,104.485,1.40422e+06
1744292245,3,104.485,1.40498e+06
1744292286,2,104.485,1.4059e+06
1744292312,3,104.486,1.40615e+06
1744292317,-6,104.485,1.40662e+06
1744292325,5,104.486,1.40762e+06
1744292331,-3,104.486,1.40775e+06
1744292341,-2,104.485,1.40864e+06
1744292376,0,104.483,1.40994e+06
1744292381,6,104.484,1.41017e+06
1744292397,-5,104.484,1.41038e+06
1744292407,4,104.485,1.41123e+06
1744292408,-6,104.484,1.41203e+06
1744292416,1,104.483,1.41218e+06
1744292430,7,104.484,1.41246e+06
1744292438,-8,104.483,1.41309e+06
1744292447,2,104.483,1.41353e+06
1744292460,-2,104.481,1.4142e+06
1744292478,-1,104.48,1.41494e+06
1744292526,2,104.482,1.41571e+06
1744292543,0,104.484,1.41622e+06
1744292573,-5,104.484,1.41674e+06
1744292583,-4,104.482,1.41728e+06
1744292626,2,104.481,1.41796e+06
1744292644,7,104.483,1.41796e+06
1744292657,-1,104.484,1.41863e+06
1744292664,-2,104.485,1.41885e+06
1744292677,-1,104.485,1.41936e+06
1744292694,-1,104.485,1.41992e+06
1744292699,-3,104.483,1.4201e+06
1744292701,-1,104.482,1.4205e+06
1744292746,8,104.483,1.42068e+06
1744292759,1,104.485,1.42096e+06
1744292768,0,104.486,1.42172e+06
1744292779,-7,104.485,1.42267e+06
1744292788,6,104.487,1.42316e+06
1744292803,-3,104.487,1.42389e+06
1744292806,-1,104.487,1.42415e+06
1744292812,-1,104.486,1.42415e+06
1744292818,2,104.486,1.4245e+06
1744292837,0,104.486,1.42491e+06
1744292887,-1,104.486,1.42512e+06
1744292941,3,104.487,1.42593e+06
1744292948,-7,104.486,1.42663e+06
1744292955,5,104.486,1.42712e+06
1744292964,1,104.486,1.42721e+06
1744292978,1,104.487,1.42733e+06
1744293011,0,104.488,1.42799e+06
1744293054,-4,104.487,1.42856e+06
1744293056,-2,104.486,1.42858e+06
1744293087,5,104.487,1.42913e+06
1744293136,3,104.488,1.43005e+06
1744293154,-7,104.487,1.43039e+06
1744293174,3,104.488,1.43105e+06
1744293188,3,104.489,1.43148e+06
1744293196,-1,104.49,1.43231e+06
1744293208,-7,104.488,1.43259e+06
1744293216,1,104.487,1.43338e+06
1744293231,1,104.486,1.43434e+06
1744293246,5,104.487,1.43522e+06
1744293247,-5,104.486,1.43584e+06
1744293264,6,104.487,1.4359e+06
1744293276,-5,104.487,1.43597e+06
1744293285,5,104.488,1.43626e+06
1744293298,-8,104.486,1.43708e+06
1744293327,6,104.487,1.43742e+06
1744293328,-5,104.486,1.43777e+06
1744293353,7,104.487,1.43778e+06
1744293374,-8,104.485,1.43807e+06
1744293388,7,104.486,1.43825e+06
1744293407,-6,104.485,1.43858e+06
1744293410,5,104.486,1.43888e+06
1744293412,-6,104.484,1.43986e+06
1744293422,4,104.484,1.43997e+06
1744293476,2,104.484,1.44078e+06
1744293477,-1,104.485,1.44172e+06
1744293520,-5,104.483,1.44252e+06
1744293527,4,104.482,1.44413e+06
1744293550,-1,104.482,1.44508e+06
1744293583,3,104.483,1.44605e+06
1744293588,0,104.484,1.44618e+06
1744293609,-1,104.484,1.44704e+06
1744293646,-5,104.483,1.44724e+06
1744293649,7,104.484,1.4476e+06
1744293669,-5,104.484,1.44798e+06
1744293680,6,104.485,1.44831e+06
1744293687,-6,104.485,1.4492e+06
1744293737,-1,104.484,1.44972e+06
1744293747,5,104.485,1.44984e+06
1744293752,-3,104.485,1.45014e+06
1744293774,-1,104.484,1.45069e+06
1744293793,3,104.485,1.45127e+06
1744293823,-6,104.483,1.45198e+06
1744293826,4,104.483,1.45225e+06
1744293867,2,104.483,1.45292e+06
1744293876,-5,104.482,1.45306e+06
1744293890,1,104.481,1.45309e+06
1744293903,-2,104.48,1.45407e+06
1744293949,-4,104.478,1.45569e+06
1744293953,3,104.478,1.45586e+06
1744293957,0,104.477,1.45679e+06
1744293967,5,104.478,1.45716e+06
1744293975,-8,104.477,1.45791e+06
1744293982,5,104.477,1.45887e+06
1744293990,2,104.478,1.45978e+06
1744293999,-5,104.477,1.46065e+06
1744294066,2,104.477,1.46101e+06
1744294068,-3,104.476,1.46125e+06
1744294073,1,104.475,1.46213e+06
1744294102,4,104.475,1.46219e+06
1744294107,-2,104.475,1.46254e+06
1744294131,1,104.475,1.46304e+06
1744294147,-2,104.475,1.46399e+06
1744294167,5,104.476,1.46466e+06
1744294182,-4,104.476,1.46544e+06
1744294190,-2,104.475,1.4656e+06
1744294204,-2,104.475,1.46732e+06
1744294253,-6,104.476,1.4686e+06
1744294323,5,104.477,1.46916e+06
1744294355,-7,104.476,1.46944e+06
1744294381,6,104.477,1.47031e+06
1744294383,-5,104.476,1.471e+06
1744294392,1,104.475,1.47172e+06
1744294422,6,104.477,1.47222e+06
1744294441,-9,104.475,1.47228e+06
1744294450,5,104.475,1.47312e+06
1744294478,-4,104.474,1.47402e+06
1744294485,3,104.474,1.47446e+06
1744294506,0,104.474,1.47537e+06
1744294511,5,104.475,1.4762e+06
1744294522,-8,104.474,1.47659e+06
1744294526,6,104.475,1.4774e+06
1744294557,-5,104.474,1.47764e+06
1744294573,6,104.475,1.47858e+06
1744294583,-5,104.475,1.47914e+06
1744294619,4,104.475,1.48016e+06
1744294643,-1,104.475,1.48018e+06
1744294667,2,104.476,1.48042e+06
1744294696,-5,104.475,1.48141e+06
1744294706,5,104.476,1.48223e+06
1744294733,-2,104.476,1.48299e+06
1744294762,2,104.477,1.48342e+06
1744294766,1,104.478,1.48349e+06
1744294773,-8,104.476,1.4837e+06
1744294783,6,104.477,1.48376e+06
1744294793,-1,104.477,1.48436e+06
1744294810,3,104.478,1.48467e+06
1744294820,-6,104.477,1.48488e+06
1744294827,7,104.478,1.48637e+06
1744294859,-7,104.477,1.48716e+06
1744294884,5,104.478,1.4879e+06
1744294895,0,104.479,1.4885e+06
1744294897,0,104.48,1.48893e+06
1744294898,-3,104.48,1.48939e+06
1744294913,5,104.481,1.4895e+06
1744294928,0,104.483,1.49026e+06
1744294937,-9,104.481,1.49093e+06
1744294947,9,104.483,1.4915e+06
1744294993,-1,104.484,1.49155e+06
1744295004,0,104.485,1.49184e+06
1744295028,0,104.486,1.49204e+06
1744295064,-1,104.488,1.49342e+06
1744295094,1,104.488,1.49405e+06
1744295112,-2,104.487,1.49499e+06
1744295151,0,104.487,1.49574e+06
1744295157,6,104.488,1.49612e+06
1744295181,-5,104.488,1.49639e+06
1744295202,4,104.489,1.4969e+06
1744295204,-5,104.489,1.49736e+06
1744295208,4,104.489,1.49757e+06
1744295271,-3,104.489,1.49766e+06
1744295293,-2,104.488,1.49851e+06
1744295315,5,104.489,1.49928e+06
1744295341,-3,104.489,1.50026e+06
1744295349,-2,104.487,1.50063e+06
1744295363,2,104.486,1.50161e+06
1744295404,1,104.484,1.50267e+06
1744295413,2,104.483,1.50344e+06
1744295423,6,104.485,1.50352e+06
1744295445,-1,104.486,1.50375e+06
1744295468,-2,104.486,1.50425e+06
1744295490,2,104.488,1.50434e+06
1744295493,1,104.489,1.50519e+06
1744295494,-8,104.488,1.5055e+06
1744295503,0,104.487,1.50637e+06
1744295517,5,104.487,1.50713e+06
1744295535,3,104.489,1.50796e+06
1744295555,-4,104.489,1.50817e+06
1744295571,3,104.49,1.50891e+06
1744295605,-2,104.491,1.50966e+06
1744295609,-2,104.49,1.5105e+06
1744295612,-1,104.49,1.51105e+06
1744295632,1,104.49,1.51108e+06
1744295650,-4,104.488,1.51183e+06
1744295667,8,104.489,1.51282e+06
1744295688,0,104.491,1.51314e+06
1744295693,-3,104.491,1.51396e+06
1744295694,3,104.492,1.51461e+06
1744295731,-3,104.492,1.51521e+06
1744295796,2,104.493,1.51602e+06
1744295803,-2,104.493,1.51666e+06
1744295812,-1,104.493,1.5167e+06
1744295840,-1,104.492,1.51749e+06
1744295848,-1,104.492,1.51806e+06
1744295876,-1,104.49,1.51858e+06
1744295931,1,104.49,1.51894e+06
1744295935,-1,104.489,1.51993e+06
1744295945,-2,104.488,1.5206e+06
1744295953,1,104.487,1.52155e+06
1744295954,6,104.488,1.52162e+06
1744295960,-6,104.488,1.52206e+06
1744295973,6,104.489,1.52283e+06
1744296011,-8,104.487,1.52334e+06
1744296045,6,104.488,1.52374e+06
1744296083,0,104.488,1.52435e+06
1744296098,0,104.489,1.52514e+06
1744296114,-4,104.488,1.52531e+06
1744296117,2,104.488,1.52565e+06
1744296119,-1,104.487,1.52618e+06
1744296152,1,104.485,1.52747e+06
1744296186,3,104.486,1.52768e+06
1744296193,-2,104.485,1.52821e+06
1744296195,-2,104.484,1.52873e+06
1744296203,5,104.484,1.52901e+06
1744296218,-2,104.484,1.52977e+06
1744296227,-1,104.484,1.53028e+06
1744296292,1,104.483,1.53219e+06
1744296296,4,104.483,1.53274e+06
1744296312,1,104.484,1.53289e+06
1744296319,-6,104.484,1.53348e+06
1744296387,4,104.484,1.53368e+06
1744296422,-2,104.482,1.53373e+06
1744296432,3,104.481,1.53427e+06
1744296457,-1,104.481,1.5349e+06
1744296464,0,104.48,1.53553e+06
1744296469,3,104.48,1.53642e+06
1744296471,4,104.481,1.53647e+06
1744296537,7,104.482,1.53819e+06
1744296558,-4,104.482,1.53869e+06
1744296573,-4,104.481,1.53877e+06
1744296580,-1,104.48,1.53877e+06
1744296593,1,104.479,1.53971e+06
1744296615,4,104.479,1.54055e+06
1744296622,-4,104.478,1.54136e+06
1744296660,2,104.477,1.54154e+06
1744296706,-1,104.476,1.54236e+06
1744296723,-2,104.473,1.5435e+06
1744296750,4,104.474,1.54422e+06
1744296769,2,104.475,1.54454e+06
1744296784,-8,104.474,1.5449e+06
1744296794,2,104.476,1.54574e+06
1744296811,0,104.476,1.54587e+06
1744296891,-5,104.475,1.54677e+06
1744296893,5,104.475,1.54686e+06
1744296897,-3,104.474,1.54716e+06
1744296901,-1,104.473,1.54811e+06
1744296913,-3,104.472,1.55e+06
1744296977,6,104.473,1.55008e+06
1744296983,2,104.474,1.55052e+06
1744297010,-9,104.473,1.55108e+06
1744297025,9,104.474,1.55132e+06
1744297029,-6,104.474,1.55221e+06
1744297032,2,104.474,1.55248e+06
1744297059,2,104.475,1.553e+06
1744297076,-1,104.475,1.55396e+06
1744297103,-6,104.474,1.55445e+06
1744297107,3,104.473,1.55521e+06
1744297108,2,104.473,1.55553e+06
1744297179,-2,104.473,1.55609e+06
1744297181,1,104.473,1.55643e+06
1744297219,0,104.473,1.55718e+06
1744297229,2,104.473,1.55793e+06
1744297238,-2,104.473,1.55828e+06
1744297247,-2,104.472,1.55924e+06
1744297293,6,104.473,1.55992e+06
1744297326,-3,104.471,1.5612e+06
1744297337,8,104.472,1.56204e+06
1744297342,-1,104.473,1.56211e+06
1744297350,0,104.474,1.56272e+06
1744297369,2,104.472,1.56282e+06
1744297374,4,104.472,1.56373e+06
1744297375,-1,104.472,1.56435e+06
1744297439,-1,104.472,1.5653e+06
1744297449,3,104.473,1.5661e+06
1744297452,-2,104.473,1.56688e+06
1744297467,-5,104.472,1.56756e+06
1744297505,1,104.471,1.56764e+06
1744297519,3,104.471,1.56796e+06
1744297554,-3,104.47,1.56814e+06
1744297597,2,104.469,1.56906e+06
1744297599,6,104.471,1.56944e+06
1744297638,-9,104.469,1.57006e+06
1744297653,2,104.468,1.57045e+06
1744297671,6,104.47,1.57084e+06
1744297684,-3,104.47,1.57161e+06
1744297686,-4,104.469,1.57169e+06
1744297734,7,104.47,1.57202e+06
1744297739,0,104.471,1.57274e+06
1744297757,1,104.472,1.57314e+06
1744297763,-2,104.473,1.57401e+06
1744297780,-1,104.474,1.57429e+06
1744297781,-2,104.473,1.57508e+06
1744297846,-1,104.473,1.57575e+06
1744297888,5,104.474,1.57622e+06
1744297918,-8,104.473,1.57658e+06
1744297923,3,104.472,1.57698e+06
1744297929,-1,104.471,1.57763e+06
1744297958,6,104.473,1.57774e+06
1744297974,-3,104.473,1.57792e+06
1744298008,2,104.474,1.5789e+06
1744298012,-4,104.473,1.57976e+06
1744298067,-3,104.473,1.58132e+06
1744298088,3,104.472,1.58158e+06
1744298104,2,104.473,1.58216e+06
1744298114,-1,104.473,1.58304e+06
1744298124,-1,104.473,1.58378e+06
1744298140,-4,104.472,1.58399e+06
1744298191,-6,104.472,1.58499e+06
1744298194,-1,104.471,1.58534e+06
1744298213,4,104.471,1.58546e+06
1744298262,-2,104.47,1.58588e+06
1744298275,-1,104.47,1.58643e+06
1744298293,3,104.471,1.5865e+06
1744298299,-7,104.47,1.58692e+06
1744298305,5,104.47,1.58762e+06
1744298314,1,104.471,1.58814e+06
1744298336,-4,104.47,1.58832e+06
1744298345,4,104.47,1.58839e+06
1744298403,-6,104.469,1.58941e+06
1744298425,1,104.468,1.5903e+06
1744298429,4,104.468,1.5904e+06
1744298441,2,104.469,1.59137e+06
1744298465,-1,104.468,1.59242e+06
1744298487,1,104.468,1.59282e+06
1744298494,5,104.469,1.59362e+06
1744298502,-3,104.47,1.59382e+06
1744298508,1,104.471,1.59414e+06
1744298546,-4,104.47,1.59504e+06
1744298556,3,104.471,1.59516e+06
1744298571,-4,104.47,1.59577e+06
1744298584,4,104.47,1.59676e+06
1744298591,1,104.471,1.59734e+06
1744298602,-7,104.47,1.59754e+06
1744298620,9,104.471,1.59781e+06
1744298636,-9,104.47,1.59869e+06
1744298650,1,104.469,1.59874e+06
1744298660,7,104.47,1.59884e+06
1744298662,1,104.471,1.59914e+06
1744298672,-9,104.47,1.59922e+06
1744298680,8,104.471,1.59968e+06
1744298700,-1,104.472,1.60024e+06
1744298711,-5,104.471,1.60062e+06
1744298721,5,104.472,1.60152e+06
1744298727,-7,104.47,1.6017e+06
1744298738,9,104.472,1.60258e+06
1744298755,-5,104.472,1.60312e+06
1744298763,4,104.473,1.60394e+06
1744298775,-6,104.472,1.60414e+06
1744298847,4,104.472,1.60503e+06
1744298854,3,104.474,1.60593e+06
1744298865,-9,104.472,1.60634e+06
1744298869,4,104.472,1.60679e+06
1744298926,1,104.472,1.60758e+06
1744298944,1,104.473,1.60771e+06
1744298974,-1,104.473,1.6081e+06
1744298989,-5,104.472,1.60885e+06
1744298998,4,104.472,1.60885e+06
1744299001,-4,104.47,1.60906e+06
1744299013,7,104.471,1.60931e+06
1744299018,2,104.472,1.60986e+06
1744299062,-3,104.473,1.61005e+06
1744299072,-1,104.473,1.61054e+06
1744299079,0,104.473,1.61087e+06
1744299101,-1,104.473,1.61124e+06
1744299125,-2,104.472,1.61126e+06
1744299174,2,104.472,1.61196e+06
1744299183,-1,104.472,1.61208e+06
1744299206,-3,104.47,1.61291e+06
1744299208,2,104.469,1.61331e+06
1744299232,4,104.47,1.61372e+06
1744299237,2,104.471,1.61386e+06
1744299240,0,104.472,1.61436e+06
1744299258,-2,104.473,1.61467e+06
1744299297,-2,104.472,1.61514e+06
1744299322,3,104.473,1.6156e+06
1744299330,1,104.474,1.61623e+06
1744299339,-3,104.475,1.61623e+06
1744299350,-2,104.474,1.61664e+06
1744299358,0,104.474,1.61756e+06
1744299374,-1,104.473,1.61763e+06
1744299399,-2,104.471,1.61819e+06
1744299409,7,104.472,1.61866e+06
1744299415,-6,104.471,1.6195e+06
1744299423,6,104.472,1.6204e+06
1744299437,-4,104.471,1.62114e+06
1744299442,-1,104.471,1.62133e+06
1744299444,5,104.472,1.62156e+06
1744299451,0,104.472,1.622e+06
1744299464,-7,104.471,1.62276e+06
1744299483,5,104.471,1.6229e+06
1744299501,4,104.472,1.62298e+06
1744299514,-8,104.471,1.62375e+06
1744299516,-1,104.47,1.62387e+06
1744299530,9,104.471,1.6241e+06
1744299541,6,104.472,1.62514e+06
1744299546,0,104.474,1.62562e+06
1744299566,-8,104.473,1.6266e+06
1744299571,6,104.473,1.62675e+06
1744299615,-3,104.473,1.62684e+06
1744299623,-4,104.472,1.6275e+06
1744299646,8,104.473,1.62814e+06
1744299649,-2,104.473,1.6288e+06
1744299659,-1,104.474,1.629e+06
1744299676,-3,104.473,1.63031e+06
1744299702,0,104.472,1.63053e+06
1744299786,5,104.473,1.63103e+06
1744299810,-2,104.472,1.63219e+06
1744299848,6,104.472,1.63311e+06
1744299874,-3,104.472,1.63495e+06
1744299915,0,104.472,1.63652e+06
1744299927,-5,104.47,1.63726e+06
1744299934,5,104.47,1.63804e+06
1744299981,1,104.473,1.63945e+06
1744299990,-4,104.473,1.63947e+06
1744300014,4,104.472,1.64006e+06
1744300020,-2,104.471,1.64067e+06
1744300031,-1,104.47,1.64103e+06
1744300064,3,104.47,1.64137e+06
1744300065,-2,104.469,1.64163e+06
1744300103,7,104.47,1.64185e+06
1744300120,-8,104.469,1.64279e+06
1744300121,4,104.469,1.64315e+06
1744300129,4,104.471,1.64373e+06
1744300138,-5,104.471,1.64456e+06
1744300153,1,104.471,1.64476e+06
1744300155,-4,104.47,1.64483e+06
1744300160,5,104.47,1.64553e+06
1744300195,4,104.47,1.6463e+06
1744300217,1,104.471,1.64682e+06
1744300222,-8,104.47,1.64733e+06
1744300227,4,104.47,1.64793e+06
1744300277,3,104.471,1.64836e+06
1744300281,-3,104.471,1.64856e+06
1744300307,1,104.471,1.64903e+06
1744300310,-4,104.47,1.64932e+06
1744300313,3,104.47,1.64959e+06
1744300334,1,104.47,1.65038e+06
1744300411,2,104.469,1.65282e+06
1744300417,6,104.47,1.65338e+06
1744300430,-2,104.471,1.65379e+06
1744300444,-2,104.471,1.6546e+06
1744300481,2,104.472,1.65491e+06
1744300506,-6,104.471,1.65549e+06
1744300514,7,104.472,1.65613e+06
1744300519,-8,104.471,1.65669e+06
1744300569,5,104.471,1.65696e+06
1744300579,-3,104.47,1.65778e+06
1744300588,3,104.47,1.65801e+06
1744300607,0,104.472,1.65887e+06
1744300609,0,104.473,1.65917e+06
1744300615,-1,104.473,1.65996e+06
1744300623,-5,104.472,1.66058e+06
1744300631,7,104.473,1.66067e+06
1744300635,-1,104.474,1.661e+06
1744300636,-3,104.474,1.66171e+06
1744300637,-4,104.472,1.66239e+06
1744300656,7,104.473,1.66278e+06
1744300684,1,104.474,1.6628e+06
1744300693,-1,104.475,1.66288e+06
1744300708,-4,104.474,1.66294e+06
1744300728,3,104.475,1.66325e+06
1744300740,-2,104.475,1.66367e+06
1744300753,-3,104.474,1.66388e+06
1744300756,4,104.474,1.6642e+06
1744300781,-4,104.473,1.66498e+06
1744300813,-1,104.472,1.665e+06
1744300831,9,104.473,1.66553e+06
1744300876,-1,104.474,1.66636e+06
1744300895,-6,104.473,1.66734e+06
1744300948,-2,104.471,1.66864e+06
1744300950,2,104.47,1.6695e+06
1744300964,7,104.472,1.66992e+06
1744300997,-9,104.47,1.67031e+06
1744301013,2,104.47,1.67116e+06
1744301035,-6,104.47,1.67229e+06
1744301049,1,104.47,1.67259e+06
1744301066,-1,104.469,1.67338e+06
1744301088,3,104.469,1.67394e+06
1744301141,-4,104.468,1.67492e+06
1744301154,0,104.467,1.67542e+06
1744301180,6,104.468,1.67543e+06
1744301197,-1,104.468,1.67575e+06
1744301255,1,104.469,1.67624e+06
1744301260,-6,104.468,1.67646e+06
1744301277,6,104.469,1.67704e+06
1744301289,-1,104.469,1.6775e+06
1744301297,-3,104.469,1.67781e+06
1744301373,2,104.469,1.67786e+06
1744301388,-2,104.468,1.67866e+06
1744301396,3,104.469,1.67918e+06
1744301419,2,104.47,1.67951e+06
1744301429,-5,104.469,1.67958e+06
1744301437,6,104.471,1.68008e+06
1744301482,-8,104.47,1.68095e+06
1744301488,1,104.469,1.68127e+06
1744301491,1,104.469,1.68155e+06
1744301501,3,104.469,1.68185e+06
1744301518,5,104.467,1.68315e+06
1744301539,3,104.468,1.68415e+06
1744301547,-3,104.469,1.68437e+06
1744301554,-6,104.468,1.6852e+06
1744301560,4,104.467,1.68536e+06
1744301574,-1,104.467,1.68555e+06
1744301584,0,104.467,1.68562e+06
